id_timestamp,lat,lon,ALG,BTH,NOX,DOX,sun,temperature,U,V,wind_x,wind_y
0.002,47.5064888000488,-122.216850280762,2.0,23.98600006103516,0.4000000059604645,7.000000000000001,0.0,19.658000946052333,0.0,0.0,0.0,0.0
30,47.5064888000488,-122.216850280762,1.9915685653842243,23.98600006103516,0.4000000059604645,7.000000000000001,0.0,19.658000946052333,0.0,0.0,0.0,0.0
60,47.5064888000488,-122.216850280762,1.9681946511920083,23.985916137695312,0.3991406857942801,6.998704433493333,0.0,19.5652313232579,-0.0009180824277386,0.0165781062077752,3.060868501663208,-0.9839177131652832
90,47.50665458111088,-122.21685946158628,1.998699530523832,23.986404418945312,0.4000375923130519,6.947091772690295,0.0,19.229689829985617,-0.0020668795060185,-0.0071086444596054,2.9122333526611324,-0.8318750858306885
120,47.5064177136042,-122.21687094955706,2.2670855159873518,23.985620498657227,0.3926218790331253,7.080179095124907,0.0,19.58526422948747,-0.0009999844142689,-0.0056060002451832,2.762723684310913,-0.678938090801239
150,47.50643274004635,-122.21686028060614,2.378344873003469,23.98584747314453,0.3384059109935151,8.012355859781508,0.0,19.52218908872554,-0.0007271299490196,0.0001431277698817,2.579245805740357,-0.6162437200546266
180,47.506490231326495,-122.2168575520615,2.4847658647618505,23.985679626464844,0.3243325309790426,8.426637523383935,0.0,19.814460666102278,-0.0005018641766266,0.0001662195162192,2.2243745326995845,-1.0121026039123535
210,47.50649046224396,-122.21685529940378,2.591251258836369,23.985870361328125,0.3023093224292754,8.825578877590758,0.0,19.870758121101066,-0.0004182214749795,0.0002753197163767,1.8674156665802,-1.4102902412414549
240,47.506491553245965,-122.21685446297676,2.6977591884701324,23.985626220703125,0.2797274529726453,9.22896349585502,0.0,19.909351412874987,-0.0003082697232117,0.0003415285613575,1.5506650209426882,-1.5040491819381712
270,47.50649221533441,-122.21685336345924,2.802985113758292,23.98569679260254,0.2572320101000604,9.63188520040561,0.0,19.9357580638432,-0.0002842892360093,0.0004399579111935,1.248373508453369,-1.5018091201782229
300,47.50649319962791,-122.21685312365436,2.909800808713931,23.985692977905277,0.2348196282663213,10.03305810738534,0.0,19.95390036793285,-0.0002442608228744,0.0004638742972438,1.1277667284011843,-1.5193837881088257
330,47.50649343879177,-122.21685272337024,3.014917493969908,23.98565101623535,0.2124620513759562,10.438143200483315,0.0,19.96646859989586,-0.0002487408578104,0.0004905198560046,1.0430828332901,-1.5408408641815188
360,47.50649370524736,-122.21685276817058,3.115445597858957,23.98565101623535,0.1903362944313616,10.839785849564722,0.0,19.97544996527352,-0.0002508538400661,0.0005090061096521,0.9588942527770996,-1.562172412872315
390,47.50649389010989,-122.2168527893004,3.222909513895251,23.985593795776367,0.1693464687051993,11.224095773201558,0.0,19.98259476907494,-0.0002569273678951,0.0005086494377445,0.8742103576660155,-1.583629488945007
420,47.506493886543176,-122.21685285003568,3.3180795331844566,23.98549461364746,0.1469604132668852,11.634885979536616,0.1305261922195792,19.98729511549008,-0.0002403274659885,0.0005402412086921,0.000137376220664,-1.544745922088623
450,47.506494202460885,-122.21685268403668,3.36471254185154,23.98549461364746,0.1272240489711866,12.001523892487262,0.2588190451029801,19.99181429782432,-0.0001810244035673,0.0005670920372472,-0.7731885313987732,-1.497581124305725
480,47.50649447096917,-122.21685209100605,3.33139268019657,23.985397338867188,0.1162797018525843,12.204575415928405,0.38268343236509,19.99589610776746,-0.0001149346277112,0.0006512888330089,-0.3892864286899566,-1.3467749357223513
510,47.50649531293713,-122.21685143010828,3.316378920260234,23.985410690307617,0.1220701074191015,12.126621238599617,0.4999999999995878,19.99901841767129,7.76007861088506e-05,0.0006829297514564,-0.0863746553659439,-1.185786724090576
540,47.50649562934631,-122.21684950475414,3.2958789416563663,23.98531913757324,0.1275231850651114,12.10453734325456,0.6087614290090982,20.00244569587826,0.0002367620395574,0.0007045630523268,-0.1964447349309921,-0.9740445613861084
570,47.506495845679325,-122.2168479131416,3.2617325591554702,23.9853515625,0.1324105506678106,12.066363321617594,0.7071067811865474,20.006346969017347,0.0004337275829738,0.0005961325894305,-0.3071622848510742,-0.7610569000244141
600,47.5064947613747,-122.21684594348618,3.231055348159888,23.98525047302246,0.135275100621375,11.991205653332669,0.7933533402909452,19.98212833225633,0.0005638245069226,0.000488601176621,-0.4178798794746398,-0.5480692386627197
630,47.506493686060566,-122.21684464251692,3.196895129936239,23.985252380371094,0.1361844450851737,11.933983164702672,0.8660254037846764,19.986544514241636,0.0006530254939467,0.000355858475838,-0.527949869632721,-0.3363270759582519
660,47.50649235863356,-122.21684375050708,3.163333441656535,23.98519897460937,0.1363298858626153,11.870016894799958,0.9238795325112864,19.99165612745891,0.0007331999596803,0.00018353744813,-0.7599818110466003,-0.1791073232889175
690,47.50649063542328,-122.2168429487624,3.1273283304034405,23.985197067260746,0.136532457685633,11.805574185844527,0.9659258262889452,19.99631622303255,0.0008422655257581,-7.353033798175623e-06,-1.0157675743103027,-0.0328071899712085
720,47.50648872651846,-122.21684185810676,3.0931505838300746,23.98521423339844,0.136732557070792,11.734690498220864,0.9914448613738726,19.99760661743914,0.0008308986192004,-0.000149445586207,-0.4248299896717071,-0.3506729602813721
750,47.50648730559294,-122.2168419717758,3.0592875567538647,23.985292434692383,0.1369675500412694,11.667552463489743,1.0,20.00094821205214,0.0006090381546625,-0.0001619830014077,0.2399823665618896,-0.7089974880218506
780,47.506487180218784,-122.21684419038046,3.0275494230500324,23.98528480529785,0.1372671327931813,11.603610390371031,0.9914448613738726,20.01191031840188,0.0003725151398486,-0.0001330295118827,0.1124507412314415,-0.5181100964546205
810,47.50648746975368,-122.2168465556106,2.9981051112153065,23.98527717590332,0.1376277351019218,11.543904954165082,0.9659258262889452,20.02355752016187,0.0001812342444467,-9.202739666371528e-05,-0.0143350781872868,-0.3283389806747436
840,47.50648787977483,-122.21684846841956,2.9693703587523124,23.985275268554688,0.1392405748477814,11.48970923194168,0.9238795325112868,20.04139556845917,4.226530171624837e-05,-7.312709934009646e-05,-0.1418666988611221,-0.1374515444040298
870,47.506488068777806,-122.216849858109,2.9420203455210268,23.98530960083008,0.1419037023135845,11.430564935371558,0.8660254037846766,20.043514862192144,-9.893730167897187e-05,6.647994493452643e-06,-0.3179365396499634,0.0360536016523838
900,47.50648886652874,-122.21685127013502,2.916553500016549,23.985307693481445,0.1457462904076226,11.37357427268631,0.7933533402909454,20.045426422260327,-0.0001142879345001,7.809759095648256e-05,-0.7394185066223145,0.1202895194292068
930,47.50648958102471,-122.21685142364134,2.887312314204785,23.985322952270508,0.1494349920169305,11.320838079900586,0.7071067811865477,20.04703549734997,-9.014607794127308e-06,0.0001422910375454,-1.163379907608032,0.205020934343338
960,47.50649022295917,-122.21685037090808,2.8593869113618404,23.985361099243164,0.1510423163898543,11.26369548517776,0.6087614290090987,20.04833833377435,0.0001867856084975,0.0002032959566113,-1.1058009862899782,-0.1080296039581298
990,47.50649083300837,-122.21684841290592,2.8326203571019013,23.985498428344727,0.1520142127283476,11.210430838581336,0.4999999999995882,20.049339928227887,0.0003223071240113,0.0003405878116718,-0.8975764513015747,-0.5439701080322267
1020,47.50649220592692,-122.21684705769076,2.810367475094364,23.985525131225582,0.1537291284569082,11.159622514576546,0.3826834323650904,20.05018645943443,0.0003890618283045,0.0005604246695176,-0.7074382305145263,-0.5966466069221497
1050,47.506494404295495,-122.21684639014371,2.7817265986684374,23.985580444335938,0.1567222701813632,11.11712070711904,0.2588190451029806,20.05089558610432,0.0004648600765882,0.0007270112728001,-0.5210811495780945,-0.5737762451171875
1080,47.506496070161525,-122.21684563216124,2.773269482321548,23.98564910888672,0.1592183047348983,11.052895691189024,0.1305261922195797,20.017696887846284,0.0004865009031867,0.0008987759681821,-0.3358138799667358,-0.5510396361351013
1110,47.506497787808485,-122.21684541575296,2.758614107086906,23.98569679260254,0.1658607695446404,11.04674677007636,3.061616997868383e-16,20.05123630616868,0.0005227058754867,0.0010109126449876,-0.1494568437337875,-0.5281692743301392
1140,47.50649890917525,-122.21684505370324,2.734596698909178,23.985795974731445,0.1721095748135747,11.019197343694293,0.0,20.05100457294865,0.0005789044464747,0.0011763403388037,-0.5814914107322694,-0.7452684044837954
1170,47.506500563452185,-122.21684449171754,2.7215208475272177,23.98588180541992,0.1763548993691588,10.9597038754189,0.0,20.00002063159337,0.0008197741171716,0.0013494991489766,-0.8917349576950073,-0.9306362271308896
1200,47.50650229504029,-122.21684208302084,2.7149616431843766,23.98592185974121,0.1828127849563063,10.9345606807223,0.0,19.989708734915418,0.0009284372189556,0.0015350462542842,0.2450182437896729,-0.7470468878746034
1230,47.50650415051134,-122.21684099638982,2.717254548116089,23.986045837402344,0.1911428677945842,10.922542470568825,0.0,19.981586958150658,0.0008135686762392,0.0016537302979366,1.1834919452667234,-0.5659175515174866
1260,47.506505337351776,-122.21684214507523,2.7493037108300213,23.986072540283203,0.2033205572796564,10.929133232910594,0.0,19.979850580073013,0.0005735229087104,0.0018270963180064,1.1097586154937746,-0.3983370065689086
1290,47.50650707101198,-122.21684454553292,2.764472912180586,23.98615455627441,0.2229476985994749,11.014462503933403,0.0,20.050732653840385,0.0004520391205348,0.001931326375159,1.03559148311615,-0.2297707796096801
1320,47.50650811331255,-122.2168457603708,2.784502493402274,23.986207962036133,0.2396817806567199,11.047877461335087,0.0,20.05076523023591,0.0003617099475139,0.0020462201535252,0.96142452955246,-0.061204545199871
1350,47.50650926225033,-122.21684666366252,2.8050250837247037,23.98630714416504,0.2574184569096471,11.091861551957368,0.0,20.050759700109584,0.0003541606416681,0.0020863325261473,0.8876911401748656,0.1063759475946426
1380,47.50650966337406,-122.2168467391556,2.8284825770997744,23.98637962341309,0.2754019659602855,11.138395737255811,0.0,20.05074911676105,0.0003860209935698,0.0021673350767795,0.5186008214950562,-0.1522705852985382
1410,47.506510473399565,-122.21684642055207,2.850952616457917,23.98650550842285,0.2935844110384709,11.191894277266243,0.0,20.050735364273528,0.0005434890312715,0.0022527416566308,0.0917633548378944,-0.4945671558380127
1440,47.50651132746537,-122.21684484587168,2.864784486003471,23.98653030395508,0.3115008677806207,11.244885048591112,0.0,20.050714055139245,0.0008440778338189,0.0022799731393761,-1.1418257951736452,0.1554405987262725
1470,47.5065115997802,-122.21684183998366,2.824298808769575,23.986427307128903,0.3258453751249636,11.280015509289026,0.0,20.05072192257553,0.0017124516067069,0.0019219317431388,-2.4500732421875,0.8917538523674011
1500,47.50650801936623,-122.21683315624594,2.806878641216109,23.98625946044922,0.3253862139352586,11.17660235756729,0.0,19.95234842104763,0.0030710798013643,0.0010282744400939,-3.001745939254761,1.3889808654785156
1530,47.5064990827932,-122.216819569964,2.7668668049473606,23.986120223999023,0.3302729938400901,11.134420010097797,0.0,19.926551545587746,0.004573137817974,-0.0004036570316079,-3.5501928329467773,1.883299827575684
1560,47.50648476347848,-122.21680454938382,2.693829976089383,23.98590469360352,0.3273241759007135,11.037436051604177,0.0,19.874790287266507,0.0060635490938733,-0.002305339629757,-4.101865768432616,2.380526781082153
1590,47.5064657466525,-122.21678964527106,2.572412226417303,23.98562240600586,0.3103586383975983,10.869544496685348,0.0,19.80354816684304,0.0075119134562832,-0.0046275945662199,-4.622749328613281,2.9091718196868896
1620,47.506442524103136,-122.21677516162744,2.399017072368165,23.985151290893555,0.274943520714471,10.604333096068968,0.0,19.717677662702336,0.008976482181734,-0.0075563212701411,-4.984262466430665,3.5942430496215825
1650,47.506413236836096,-122.21676051594018,2.1949361998721426,23.984575271606445,0.2212222619988008,10.234929608026642,0.0,19.614141500630183,0.0103369682619676,-0.0110346737581717,-5.347902297973633,4.283344745635986
1680,47.50637845331122,-122.21674691107938,2.0375100320487425,23.984691619873047,0.1622587329901394,9.808015708754445,0.0,19.498339802205788,0.0105862141131965,-0.014258856584493,-4.588075637817383,4.2542901039123535
1710,47.50634621148296,-122.21674441862088,2.0005800381456944,23.98576164245605,0.1201749184971893,9.496730527294796,0.0,19.410043358160028,0.0063358287222678,-0.0136647563736133,-3.480440378189088,4.000234603881835
1740,47.50635215248506,-122.21678692247478,2.024038432873524,23.985841751098636,0.1033949988095336,9.528778053517083,0.0,19.48973250625898,0.0029843508814571,-0.0132100590032101,-3.55980658531189,3.68646502494812
1770,47.50635669945877,-122.2168204372532,2.0484743492837745,23.98615455627441,0.107203535545176,9.658287732110209,0.0,19.535400815886742,-0.0005622882957611,-0.010367973786102,-3.872867822647095,3.3612964153289795
1800,47.50638512031094,-122.21685590364496,2.08271330340096,23.986263275146484,0.122576837760136,9.743058213803376,0.0,19.6381641065352,-0.0023838242151114,-0.0075860909643948,-4.18409824371338,3.0380294322967534
1830,47.50641293913915,-122.21687411900416,2.0536516032506484,23.98639678955078,0.1420739658471172,9.825712512348971,0.0,20.012558255981013,-0.0028865465209366,-0.0056762161806328,-4.497159957885741,2.712860584259033
1860,47.506432037887,-122.2168791462272,2.8521238087273386,23.9865779876709,0.1475562323952597,9.673754377720124,0.1305261922195799,20.01136471817683,-0.0012626813256155,-0.0011068233422065,-4.499518394470216,2.5781130790710454
1890,47.50647773181538,-122.21686290757526,2.9386421121131154,23.986616134643555,0.2285206638160771,11.62511756776015,0.2588190451029798,20.011803218003447,-6.66812914604522e-05,0.0011814908062811,-4.524416923522948,2.475632190704346
1920,47.50650061495686,-122.21685094757493,2.6056297654957707,23.986528396606445,0.2081246629434839,11.980331413607791,0.3826834323650898,20.01224609726852,0.0008064092026258,0.0007216425880653,-4.823451042175292,2.754950046539306
1950,47.50649601647468,-122.21684221666996,2.1597717440158317,23.986257553100582,0.177521746219174,11.169008056664593,0.4999999999995868,19.97218538784754,0.0018367597740126,-0.0011731394454857,-5.069844245910644,2.957244396209717
1980,47.50647706865435,-122.21683191316426,1.788058586936683,23.98655128479004,0.1503095358643989,9.86318015940177,0.6087614290090981,19.931903555679497,0.0018876084536869,-0.001745339648668,-5.0475220680236825,2.767287254333496
2010,47.50647134665231,-122.21683140467746,1.7569375070389264,23.986570358276367,0.1286993720025302,8.727339418758037,0.7071067811865466,19.917763703889367,0.0024587870993185,-0.0024666125146722,-5.0250678062438965,2.5762124061584477
2040,47.50646413392365,-122.216825692891,1.7408752716972729,23.98686408996582,0.1182451956109686,8.676352438824576,0.793353340290945,19.883450388600192,0.0026411841903798,-0.0027143247077736,-5.002614498138427,2.385137796401978
2070,47.50646165680172,-122.2168238689201,1.731742174902589,23.986875534057617,0.1185178161570434,8.669389458016374,0.8660254037846767,19.8710924239382,0.0019453206318294,-0.0020952133433506,-4.980291843414306,2.1951804161071777
2100,47.50646784791537,-122.21683082755568,1.7257917295165333,23.98699378967285,0.1221305240076047,8.67126091079753,0.9238795325112864,19.903851825697327,0.0010304578251813,-0.0010413454765758,-4.75855827331543,2.489313125610352
2130,47.50647838659403,-122.21683997618376,1.7353332796764134,23.986772537231445,0.1252459277419391,8.68255606746293,0.9659258262889452,19.954924200962573,0.0015468753667231,-0.0018732629083507,-4.497804164886475,2.878450870513916
2160,47.50647006741971,-122.21683481200832,1.6991662305975166,23.986024856567383,0.1322062791490603,8.83759987780553,0.9914448613738724,19.91787235158994,0.0017354752886531,-0.0040335287534885,-4.507096290588378,4.550648689270019
2190,47.50644846476126,-122.21683292600912,1.6979252296918688,23.98410987854004,0.130894723038312,8.725697419091224,1.0,19.844657310523743,0.0018201961559892,-0.006259794468544,-4.538808345794677,6.339738368988038
2220,47.50642620210412,-122.21683207880044,1.7076994940364898,23.98422622680664,0.1286459303852698,8.64756808791582,0.9914448613738726,19.766986435254303,-0.0013839688491444,-0.0061426113174838,-3.4569914340972905,6.65234375
2250,47.50642737393562,-122.2168641204505,1.7266779952417477,23.98421669006348,0.1242974526899417,8.74470498595158,0.9659258262889452,19.774121821758204,-0.0036186724068487,-0.007066509431948,-2.381500720977783,6.963120460510255
2280,47.50641813495448,-122.21688646748608,1.71149804501784,23.984420776367188,0.1201992406538388,8.858439513506145,0.9238795325112868,20.006966515690294,-0.0049793846608168,-0.0090636300830614,-1.2996836900711062,7.275725364685061
2310,47.50639816374797,-122.21690007460862,2.1284262909981475,23.984111785888672,0.1183736851149779,8.820837217805996,0.8660254037846773,20.00597724168948,-0.0057227551864447,-0.0092425178380863,-0.5220513939857483,7.355745315551759
2340,47.50639637487042,-122.21690750831388,2.1960837791901437,23.986047744750977,0.1578031951707167,9.981214424722356,0.7933533402909456,20.012205613273213,-0.0025310411188953,-0.0050144995175422,-1.2933969497680662,6.254392623901367
2370,47.50643865505362,-122.2168755911732,2.031219258538956,23.986160278320312,0.1578683667058349,10.299063640306567,0.7071067811865472,20.01641988139328,-0.0008691888106692,-0.0031367000072683,-2.069279670715332,5.146563053131104
2400,47.50645743304873,-122.21685897265012,1.8072909124416952,23.987985610961918,0.1389242289689146,9.86097741072476,0.6087614290090989,20.01614779255671,-0.0004080333634022,-0.0014904548751745,-1.870921969413757,3.287492990493773
2430,47.50647389550005,-122.21685436109564,1.6557931140925954,23.988208770751957,0.1201142361792529,9.228523245905755,0.4999999999995876,20.013610495777662,-0.0005017098087978,-0.0013235265089626,-1.3682605028152464,1.2037508487701414
2460,47.50647556478371,-122.21685529786008,1.6343623818073347,23.988933563232425,0.1067967652357695,8.767236558351502,0.3826834323650906,20.0112783590714,-9.003050074935475e-05,-0.0010461348815973,-1.4873762130737305,1.0232652425765991
2490,47.50647833869999,-122.216851181067,1.6108344606606015,23.988296508789062,0.1004139523849482,8.696031092736483,0.2588190451029808,20.009788569183463,0.0001715019181466,-0.0009518120279006,-1.728817343711853,1.2178453207015991
2520,47.50647928192852,-122.21684856574282,1.6044834169700886,23.98881149291992,0.0984127785235241,8.644458593636049,0.1305261922195808,19.971536503517225,0.0002722149031714,-0.0010995187902514,-1.9688466787338257,1.411287546157837
2550,47.5064778048609,-122.21684755861295,1.6086765966798968,23.98821258544922,0.0991912456050659,8.644494789688764,5.51091059616309e-16,19.96492136603324,0.0003876390391114,-0.0013199073508417,-2.210287809371948,1.6058675050735471
2580,47.50647560097529,-122.2168464043716,1.608449623917682,23.988412857055664,0.09867117161855,8.674633601725027,0.0,19.955625817595408,0.0006543064049537,-0.0018464065487386,-3.063073635101319,2.110959529876709
2610,47.50647033598331,-122.21684373769796,1.5861975962021366,23.987695693969727,0.0963340698908053,8.692015383427186,0.0,19.933321949331763,0.0002294343192731,-0.001216101662481,-3.771974563598632,2.6077914237976074
2640,47.50647663903217,-122.2168479864188,1.636655086723989,23.98806953430176,0.0951741310638019,8.657302858847743,0.0,19.96021707497933,-0.0007663511376267,-0.0006507165114376,-2.7977159023284908,3.043088197708129
2670,47.50648229288368,-122.2168579442734,1.893212261863502,23.98778915405273,0.0962330491527616,8.741114085025265,0.0,20.00765449822165,-0.0023990085055434,-0.0001202524215809,-1.7066490650177004,3.173154592514038
2700,47.50648759752458,-122.21687427084706,2.41386256325246,23.98899269104004,0.0927998676301048,9.460363613153053,0.0,20.00762009845203,-0.0037311141986929,0.0005405759666813,-0.0288968179374933,1.7527242898941044
2730,47.50649420580847,-122.21688759190398,4.155072444110399,23.988805770874023,0.0829735874763048,11.080544565428518,0.0,20.00776546792296,-0.0033899834183187,0.0005369034567026,1.6587245464324951,0.3239383995532989
2760,47.50649416908337,-122.21688418059618,3.572570871597593,23.989688873291016,0.0249283181698223,16.55130823553628,0.0,20.00678240874761,-0.0034131928113943,0.001037476456098,3.3463461399078374,-1.104847550392151
2790,47.50649917481336,-122.21688441269012,3.28373100551883,23.99026870727539,0.0466509101032047,14.850979064918636,0.0,20.002093762093075,-0.0031613818715765,0.0006002367459107,5.024097919464111,-2.5252778530120845
2820,47.506494802416256,-122.21688189458072,2.859093047906676,23.99133682250977,0.0499883683869583,14.034251728806508,0.0,19.996514388564535,-0.0017843052310962,8.495392386904073e-05,5.208185672760011,-2.8583927154541016
2850,47.50648964958804,-122.21686812381432,2.9162516894259425,23.99087905883789,0.0588174400880399,12.788419297961754,0.0,19.992737019152745,-0.0010980747496079,0.0005902292132511,5.097874641418455,-2.976970434188842
2880,47.50649470234093,-122.2168612615095,2.9941450309539244,23.990938186645508,0.048991383123067,13.008186035337708,0.0,19.990421202267424,-0.0006819403346049,0.000699459436957,2.969278335571289,-3.1377291679382324
2910,47.50649579464317,-122.21685710016536,3.0734931338819083,23.99043655395508,0.03971404170214,13.287651145889669,0.0,19.989884216724874,-0.0005739410652065,0.0009229966399161,0.6600057482719421,-3.303004264831543
2940,47.5064980300152,-122.21685602017266,3.151649988651267,23.990625381469727,0.0339035535557092,13.562451632720547,0.0,19.989151191599497,-0.0006087222692077,0.0010194569712607,-0.1227825880050659,-3.293404817581177
2970,47.50649899461851,-122.21685636798468,3.230178176169215,23.99066734313965,0.030596551734311,13.824916155074606,0.0,19.98932763460449,-0.0004914798322616,0.0011157493577428,-0.9009932279586792,-3.2838611602783203
3000,47.50649995754237,-122.21685519556031,3.3064657167546865,23.990737915039062,0.0285513571773911,14.086323806764996,0.0,19.988737392182912,-0.0004438225155323,0.0012260627115515,-1.6837817430496216,-3.2742614746093754
3030,47.50650106067592,-122.21685471898716,3.3818123293728384,23.99104881286621,0.027257288683782,14.337789451130154,0.0,19.98883087874442,-0.0003980005078082,0.0012118081444828,-2.3598878383636475,-3.242297649383545
3060,47.50650091813024,-122.21685426076708,3.456350156697201,23.99085235595703,0.0267739796409339,14.586221510948665,0.0,19.988267644016364,-0.0003989093337923,0.0012543967738347,-2.4903845787048344,-3.0969722270965576
3090,47.50650134401654,-122.21685426985536,3.53040988062468,23.991247177124023,0.0267176995970866,14.830073727425994,0.0,19.98881522853756,-0.0003226115604998,0.0012175948867015,-2.621649265289307,-2.9507923126220708
3120,47.50650097599767,-122.2168535068776,3.6016938348700664,23.99095916748047,0.0266237263848187,15.07495178991277,0.0,19.98880192938561,-0.0003568604823322,0.0011605565630285,-2.4436035156250004,-2.698564052581788
3150,47.50650040561443,-122.21685384936684,3.6699507999997465,23.99133682250977,0.0262770996642133,15.311760788224117,0.0,19.98954634837765,-0.0003541751257274,0.0010735259877674,-2.1696171760559086,-2.4145603179931645
3180,47.50649953530868,-122.21685382251326,3.733286860425245,23.991226196289062,0.0255322894979269,15.543487703381423,0.0,19.989635910255565,-0.0003756711989188,0.0010206877039814,-1.8445234298706048,-2.5937647819519043
3210,47.50649900692584,-122.216854037474,3.793679261143905,23.99179458618164,0.0245288841824506,15.761081336114204,0.0,19.99030393011952,-0.0003997855420481,0.0009861493002894,-1.5097380876541138,-2.863994359970093
3240,47.506498661541805,-122.21685427861742,3.850085052698148,23.99176597595215,0.0236867457382955,15.97215095076852,0.0,19.990182704494234,-0.0004273204106178,0.0010177155259749,-1.1769106388092043,-3.132643461227417
3270,47.50649897720406,-122.21685455396612,3.904766112917934,23.992319107055664,0.0232384230782963,16.16971829317866,0.0,19.990987869866164,-0.0004741841601938,0.0010817939634943,-0.8421252965927124,-3.402873039245605
3300,47.50649961798843,-122.2168550226036,3.95682682681422,23.992042541503903,0.0231619890993159,16.363538454225964,0.1305261922195779,19.99143943024576,-0.0004955676972069,0.0010245443213132,-0.8011462092399598,-2.846666574478149
3330,47.50649904549201,-122.21685523643896,4.002948531138051,23.992233276367188,0.0225809125643685,16.550193908522605,0.2588190451029796,19.99309241414382,-0.0004276853207701,0.0009462451660186,-0.7649772763252257,-2.328662395477296
3360,47.50649826250046,-122.2168545576152,4.034978914096793,23.9921989440918,0.0221143429434488,16.72216618323727,0.3826834323650895,19.9948597533358,-0.0003521442700095,0.000980309543103,-0.784117639064789,-2.232165575027466
3390,47.50649860314423,-122.2168538022047,4.05601410806827,23.99249267578125,0.0229326308607802,16.849896958662864,0.4999999999995881,19.99706703112955,-0.0001875637349611,0.0011568526934488,-0.7512527108192445,-2.180478572845459
3420,47.506500368575736,-122.21685215639936,4.087068440197323,23.992605209350582,0.0292388377058214,16.934086654083853,0.6087614290090965,19.998892912362603,-4.097904647516622e-05,0.0013948839050527,-0.4545343220233918,-2.3566062450408936
3450,47.50650274888785,-122.21685069055246,4.135503231438317,23.99293327331543,0.0462142132438587,17.01554574242797,0.7071067811865464,20.00062811230928,0.0002613938110307,0.0020583605743171,-0.156070590019226,-2.533769845962525
3480,47.50650938365455,-122.2168476668239,4.204610942919233,23.993112564086918,0.0697885092124604,17.130422943246916,0.7933533402909448,20.00269185959167,0.0006185782474313,0.0028043357357122,0.142393171787262,-2.7109336853027344
3510,47.50651684340615,-122.21684409497954,4.288656262639361,23.99339866638184,0.0979098447457231,17.290779939318554,0.8660254037846766,20.00505286987556,0.0009821997587145,0.0036580425878582,0.4391114711761474,-2.88706111907959
3540,47.50652538047468,-122.2168404587644,4.364982752133208,23.993253707885746,0.1286842619618284,17.487927926750324,0.923879532511287,20.007719731160822,0.0013851049486341,0.0041893190672298,1.079398274421692,-1.7056009769439695
3570,47.50653069323947,-122.21683642971252,4.343995946206819,23.99313163757324,0.1539479118133448,17.67519714992887,0.9659258262889444,20.01070377840809,0.0015927780525906,0.0040722641195183,1.7866153717041016,-0.2581161260604858
3600,47.50652952269,-122.21683435298148,4.381976178525843,23.993194580078125,0.1593397341232152,17.59712107220481,0.9914448613738724,19.85071166127687,0.0016447916765937,0.0035990711314507,1.2310899496078491,0.5535054802894591
3630,47.50652479076012,-122.21683383284524,4.408701896118098,23.99324989318848,0.1730393159795634,17.71260300095445,1.0,19.86858976960732,0.0017964387715939,0.0029401215442923,0.5674680471420289,1.3176456689834597
3660,47.50651820126424,-122.2168323163743,4.434574882801599,23.99342155456543,0.1839695868476631,17.80598513409724,0.9914448613738726,19.889858063663944,0.0017734774730801,0.0022899678746647,0.6242284178733826,1.073590159416199
3690,47.50651169972755,-122.21683254598727,4.45394124100394,23.993677139282227,0.1957951654276614,17.89466378263817,0.9659258262889449,19.91247166584816,0.0016281810511697,0.00170642011616,0.680656909942627,0.8309618830680847
3720,47.50650586424996,-122.21683399895149,4.467569585338453,23.993846893310547,0.209038509114216,17.96576221597068,0.9238795325112876,19.934648170804195,0.001369800856685,0.0012407237478324,0.7374172806739806,0.5869064331054686
3750,47.50650120728628,-122.21683658275344,4.469575767155368,23.99406623840332,0.2230835072255453,18.01763440036784,0.8660254037846774,19.955785287692628,0.0010843243685284,0.000821842528558,0.7019716501235961,0.3410198390483855
3780,47.506497018474086,-122.21683943751832,4.462620536929943,23.994218826293945,0.2371131863176536,18.038841197324427,0.7933533402909457,19.97589432404083,0.0008495651525316,0.0005109015368416,0.1985781788825988,0.0872737541794776
3810,47.50649390906417,-122.21684178511047,4.44442454287617,23.994422912597656,0.2500737052475436,18.033326747755915,0.7071067811865475,19.9914198531714,0.0006800995126331,0.0002631733653361,-0.3077764213085174,-0.1679649353027343
3840,47.50649143178245,-122.21684347976688,4.423981767957083,23.994604110717773,0.2621451106955308,17.997426279899845,0.6087614290090977,20.00270136155908,0.0004626917850349,0.0001228742022228,0.432408183813095,-0.4800907373428345
3870,47.50649002879082,-122.21684565384416,4.405904648023188,23.99492454528809,0.275579365200886,17.946334428986198,0.4999999999995894,20.013426215161395,3.466189725445284e-05,0.0001251310737531,1.559104442596436,-0.8082275986671449
3900,47.506490051359535,-122.21684993414304,4.38587244117248,23.9952449798584,0.2943503621655366,17.886341661958514,0.3826834323650909,20.033015334866192,-0.0006755653323271,0.0003275703976008,2.2925684452056885,-1.085604548454285
3930,47.50649207575277,-122.21685703641532,4.354152356632938,23.99559783935547,0.3174218464961058,17.791276803504918,0.2588190451029811,20.03411546243271,-0.0014633851985973,0.0006640739900881,2.9477384090423584,-1.352664589881897
3960,47.5064954407887,-122.216864914614,4.307427340774129,23.99599266052246,0.341391991038635,17.649593802042197,0.1305261922195793,20.035637659132263,-0.0024365854577975,0.0013406031238098,3.5990769863128667,-1.6181628704071045
3990,47.50650220608004,-122.21687464661656,4.221230358876271,23.99649810791016,0.3684866383315233,17.43164032085537,0.0,20.03779838698085,-0.0035240421415197,0.0024431292440022,4.254246711730957,-1.8852229118347168
4020,47.50651323134124,-122.2168855211834,4.096218163355368,23.996976852416992,0.3932593400326339,17.064658464419583,0.0,20.04121397617796,-0.0038241616437759,0.0039070568533122,3.3788812160491943,-2.930749416351319
4050,47.50652787061733,-122.21688852237844,4.049345432947621,23.99756622314453,0.3811072008405784,16.599493036321295,0.0,20.04691420829784,-0.0029704611225554,0.0061024114861106,2.4363360404968257,-3.8362021446228014
4080,47.50654982416366,-122.21687998537324,4.086777885209562,23.997039794921875,0.284597363929358,16.526961663612603,0.0,20.05617015266465,-0.0004522825331171,0.0078800966999683,0.6099631786346437,-3.119640350341797
4110,47.5065676010158,-122.21685480358734,3.652406980033714,23.997146606445312,0.1345165960290023,17.063348800630514,0.0,20.06861484426293,0.0029464002878494,0.0079624461602154,-0.9170234203338624,-2.416317701339722
4140,47.506568424510405,-122.21682081675912,3.0967725906914807,23.99688720703125,0.0355881379266717,16.22194406446144,0.0,19.777037679050892,0.0043581829216501,0.0053408973473375,-0.9150140285491942,-1.784325122833252
4170,47.50654220902227,-122.2168066989328,3.0690905801802613,23.997220993041992,0.006472730089592,14.809181169124818,0.0,19.836677975214005,-0.0010242091352482,-0.0028291993898095,-0.9129927754402164,-1.1486150026321411
4200,47.5064605080549,-122.21686052285337,3.032435044798142,23.99702453613281,0.0050754357254269,14.816210432291692,0.0,20.08495965889364,-0.0019930247537487,-0.0035637879028048,-0.9109715819358826,-0.512904703617096
4230,47.50645316216977,-122.21687021100954,3.0283660236606145,23.997478485107425,0.0050838445056704,14.725856066875595,0.0,20.080442174110654,-0.0025359827634172,-0.0028930024373201,-0.9089620709419248,0.1190879493951797
4260,47.50645987002443,-122.21687564058963,3.0997082414616948,23.99740600585937,0.0062852984594474,14.72777756837566,0.0,20.07583124715527,-0.0027101496130952,-0.0020998968369113,-0.5168773531913757,0.5838103890419006
4290,47.50646780108043,-122.21687738225812,3.136960152070157,23.997875213623047,0.0104224645014845,14.945579308160353,0.0,20.071769772247283,-0.0019990211386609,-0.0008816423092205,-0.0484165735542774,1.0150527954101562
4320,47.50647998362571,-122.2168702709734,3.1796404429061904,23.998035430908203,0.0074884796038556,15.079624438598982,0.0,20.06831463148831,-0.0013610764252122,-4.48365170927025e-05,-0.5445546507835388,-0.4526709616184234
4350,47.50648835168363,-122.21686389152626,3.2553650330796646,23.99874496459961,0.0088868862404438,15.21992462768179,0.0,20.065772184912984,-0.0009053597278449,0.0006116804593781,-1.1237241029739382,-2.086982488632202
4380,47.50649491685339,-122.21685933435928,3.3680098068846487,23.99884986877441,0.0111600283213093,15.456588317803917,0.0,20.06210771623604,-0.0007171179607484,0.0008011097075258,-1.531192183494568,-1.7875664234161377
4410,47.50649681114587,-122.2168574519416,3.4991296890889028,23.99914932250977,0.0134188072107625,15.800983008028837,0.0,20.05782590962824,-0.0007537737551594,0.0007645289416322,-1.9362770318984983,-1.4899011850357056
4440,47.506496445338215,-122.21685781849956,3.638835836125024,23.99924087524414,0.0182305474408792,16.198352391510774,0.0,20.05383256612689,-0.0008077862319579,0.0007600199724031,-2.343744993209839,-1.1904852390289309
4470,47.50649640024852,-122.21685835862432,3.789183408276776,23.99950790405273,0.024569922150477,16.62093330341767,0.0,20.04976029953119,-0.0008233744400619,0.0006429145074328,-2.74134373664856,-0.8817644715309143
4500,47.506495229193874,-122.2168585145064,3.949617584467741,23.99958229064941,0.0318383210451437,17.059926625234798,0.0,20.04555531721828,-0.0009390236339491,0.0006299179091743,-3.0865094661712646,-0.5276070833206176
4530,47.50649509922789,-122.21685967099836,4.110701079531407,23.999799728393555,0.0409823916555657,17.523283093344602,0.0,20.04113938905638,-0.0010192666815032,0.0006818759900601,-3.4337058067321777,-0.1713664233684539
4560,47.5064956188087,-122.21686047342882,4.26331269049146,23.999828338623047,0.0522572447583454,17.98714477276091,0.0,20.03646176426118,-0.0012385885663885,0.0006798251482225,-3.452049493789673,0.2354568690061569
4590,47.50649559830028,-122.21686266664769,4.418564109520626,24.000057220458984,0.0694946189376158,18.42706967991016,0.0,20.031604016233235,-0.0013841379885234,0.0007148410725875,-3.3671760559082027,0.6557608246803284
4620,47.50649594845952,-122.21686412214189,4.5686492874735904,24.000228881835938,0.0862659103045254,18.865856819881078,0.0,20.02734570240908,-0.00125822150579,0.0008119011821351,-3.493475437164306,0.6246487498283386
4650,47.50649691906062,-122.21686286297708,4.700984619204785,24.000526428222656,0.1035859816470044,19.290885989677054,0.0,20.02255196224575,-0.0013113330474625,0.0008969961279611,-3.661220550537109,0.5046635270118712
4680,47.50649777001008,-122.21686339409248,4.818170987982422,24.00072479248047,0.1260743509991252,19.6664359166358,0.0,20.018023522234976,-0.0012681906436008,0.000917497578725,-3.8279850482940674,0.3853799998760223
4710,47.50649797502459,-122.21686296266844,4.9224878835664745,24.00098991394043,0.1511615350222429,19.99289214217833,0.0,20.013662085345576,-0.0013858555338848,0.0008521799494015,-3.995730638504028,0.265394777059555
4740,47.50649732184829,-122.21686413931734,5.04327291912484,24.001331329345703,0.1747432290358569,20.282182844036797,0.1305261922195811,20.010894504388148,-0.0013787042177286,0.0008938156543212,-3.571753740310669,-0.2316906303167343
4770,47.506512635132914,-122.21688704620782,5.178070732378299,24.001693725585938,0.2015593026016036,20.615404437016124,0.258819045102976,20.01016202440513,-0.0014296489519873,0.0010020205164584,-3.171790361404419,-0.7035682797431946
4800,47.50653041752348,-122.2169113831377,5.389368933788185,24.001968383789062,0.2217079578814742,20.99137056517282,0.3826834323650893,20.01113775473825,-0.0012151063399719,0.0011647017349847,-3.0310659408569336,-0.907311677932739
4830,47.50655145603125,-122.2169294894839,5.49259517066252,24.00219345092773,0.235665565423515,21.57864013593395,0.4999999999995879,20.012150412331795,-0.0016899061563781,0.001115511213075,-2.9225106239318843,-1.0080773830413818
4860,47.50656955597958,-122.21696240258468,5.509943816778169,24.00228309631348,0.2577559249050243,21.862737500476182,0.6087614290090962,20.0133661922686,-0.0010626037304863,0.0012900475595996,-2.9779205322265625,-0.5854074954986573
4890,47.50659280213571,-122.2169738396226,5.268332767493224,24.00237464904785,0.2812854309358594,21.908181741552035,0.7071067811865462,20.015649210724167,0.0004830846445623,0.001459537830431,-3.033656597137451,-0.1602512300014496
4920,47.50661882266892,-122.21695033132808,5.247015166375771,24.00244140625,0.250428764223518,21.332934382075248,0.7933533402909468,20.0196611898342,0.0021654124826321,0.0011157563366878,-3.0893921852111816,0.2649049758911133
4950,47.50663398079293,-122.21689741784168,5.203889987408178,24.00252342224121,0.2576791984989259,21.311063777130716,0.8660254037846747,20.02350780121628,0.0038194878705688,6.13859116847901e-05,-3.144802331924438,0.6875749230384827
4980,47.5066244601872,-122.2168172189566,5.03622684459648,24.00253677368164,0.2621887109161085,21.24004533271058,0.9238795325112868,20.02780702713132,0.0050721467171262,-0.0014621896801527,-2.585953235626221,1.5224268436431885
5010,47.50658485460328,-122.21672015658952,4.842880164105639,24.00254249572754,0.25910397465409,20.6528284106332,0.9659258262889454,19.486698667170803,0.0052411157390865,-0.0031590037662172,-1.906765699386597,2.437498807907104
5040,47.50651523639965,-122.21663111497034,4.592122904511983,24.00277137756348,0.2463665401454475,20.138886415640545,0.991444861373872,19.31262219792421,0.0048272187379403,-0.0046368639743937,-1.9164475202560425,2.2237565517425533
5070,47.50642317673133,-122.2165548002947,4.313836672433493,24.00307846069336,0.2269742773565869,19.447984202273545,1.0,19.08577784658777,0.0040024764356018,-0.005499611340772,-1.9832313060760505,1.9151843786239624
5100,47.506322889068656,-122.21649633977714,4.02685799264732,24.003198623657227,0.20413173404307,18.67599994685419,0.991444861373872,18.85824146138093,0.0031623034636566,-0.0061094903836378,-1.914474487304687,2.1254422664642334
5130,47.5062149654385,-122.21645203644914,3.738815757062707,24.003307342529297,0.1801675859766084,17.86797450769331,0.9659258262889469,18.635061276635252,0.0022717642141263,-0.0065782140145407,-1.8461198806762693,2.334470510482788
5160,47.50610064130195,-122.21642307910471,3.460611240648773,24.003433227539062,0.1568998615090379,17.046589103087694,0.9238795325112876,18.420108669042147,0.001394112375753,-0.0069647516748926,-1.7773631811141966,2.544728279113769
5190,47.50598069673077,-122.21640862041686,3.189459697617168,24.00347328186035,0.1354942410611112,16.236221226337545,0.866025403784674,18.21014477688352,0.0004648268085152,-0.0071963356096863,-1.813698172569275,2.880908489227296
5220,47.50585844196458,-122.21641016615904,2.9231064880046813,24.00308990478516,0.1165897525975685,15.432405739893795,0.7933533402909502,18.009140231904446,-0.0007165095714699,-0.007072218601823,-2.383400201797485,3.8544642925262447
5250,47.50574181282464,-122.21643392134904,2.950789921768593,24.002573013305664,0.1007729767743704,14.622690563575494,0.7071067811865476,17.8339607195881,-0.0009692967122026,-0.0081041569542772,-2.956453800201416,4.833747386932372
5280,47.506407758479256,-122.21685997372911,2.6552869807799877,24.002315521240234,0.1025008361219272,15.230201794633167,0.608761429009095,19.745374778274524,-0.0015394006395358,-0.010097919314502,-2.8284733295440674,4.961816787719727
5310,47.50638782085566,-122.2168656747684,2.469134735935861,24.003101348876957,0.0984247094002633,14.238464797528918,0.4999999999995927,19.673569467957364,-0.0025531016943829,-0.0108925387897709,-2.481438875198364,4.822248458862304
5340,47.5063798746609,-122.21687581177896,2.28610433096245,24.002819061279297,0.0972824025350547,13.536641079679336,0.3826834323650911,19.63928093923444,-0.0034652242243571,-0.0116651625183039,-2.545639991760254,5.079583644866943
5370,47.506372148423615,-122.21688493300424,2.6951129946192927,24.00279998779297,0.0831545506560891,13.251000153339632,0.2588190451029779,20.038412875627447,-0.0042302044343163,-0.0124943835707176,-2.690763235092163,5.414796352386475
5400,47.50636385621309,-122.21689258280637,4.108516411842978,24.00249671936035,0.2149640369075647,13.95524386566122,0.1305261922195866,20.03789980774837,-0.0036084511422311,-0.0113317890738704,-2.835036993026734,5.748048305511476
5430,47.50637548215806,-122.21688636527342,4.06304942536458,24.00229835510254,0.4706223942013072,17.572387419636673,0.0,20.04149762581065,0.000534651038636,-0.0037804924638865,-2.9801602363586426,6.083261013031006
5460,47.50645099512416,-122.2168449342516,3.970528827889211,24.002779006958008,0.4718263020024486,17.460421085846047,0.0,19.88582850930491,0.0022988839642304,0.0020755321429126,-2.905539989471435,5.70526647567749
5490,47.50650955537023,-122.21682729192236,3.719902322744949,24.003232955932617,0.4487514560120431,17.376893393628748,0.0,19.9038221354592,0.0027459120129123,0.0048192275723654,-2.823023796081543,5.31838321685791
5520,47.50653699232452,-122.21682282164188,3.555932605152217,24.003978729248047,0.3971703846509798,16.836063676138828,0.0,19.80905375637291,0.0024768326320765,0.0044936285294148,-2.638798236846924,4.794396400451661
5550,47.50653373633409,-122.21682551243568,3.4250370601477798,24.004302978515625,0.3554599115458985,16.547122513917717,0.0,19.817900191577746,0.002050985002087,0.0038131595008227,-2.517275333404541,4.394659042358398
5580,47.506526931643805,-122.216829770912,3.135479503685955,24.004308700561523,0.3200645701684949,16.317660055296088,0.0,19.841394774850585,0.0018693160810002,0.0030233670944815,-2.7148234844207764,4.628114700317383
5610,47.50651903371975,-122.2168315876012,2.8122481832294666,24.004125595092773,0.263554123938463,15.632242418520653,0.0,19.86477362455521,0.0012604480239115,0.0017848389896561,-2.913533449172974,4.862943172454834
5640,47.506506648438695,-122.21683767628176,2.8479088536533848,24.004074096679688,0.2012419982410293,14.856317225435731,0.0,19.91170316558527,0.0009709015959459,-0.0011189483922571,-3.1122436523437496,5.097771644592284
5670,47.50647761056488,-122.21684057174603,2.898450708729884,24.003856658935547,0.1962130644250673,14.995890276806888,0.0,19.935223497243168,0.0011134284471073,-0.001415316395566,-3.309791088104248,5.331226348876953
5700,47.50647464688485,-122.21683914647753,2.9438098909683905,24.00419235229492,0.1941661226892953,15.15732924134952,0.0,19.919578552956292,0.0009920794885186,-0.0011745027989571,-3.154514074325561,5.158315181732178
5730,47.50647705502081,-122.21684035996712,2.9974619310791977,24.004619598388672,0.1898049405180536,15.32043279606524,0.0,19.928580249829764,0.001047336292942,-0.0011678545473145,-2.9299242496490474,4.905567169189452
5760,47.50647712150332,-122.21683980739908,3.048009644142116,24.00442886352539,0.185495998031661,15.505968468138365,0.0,19.92542098385577,0.001463921902816,-0.0012788213043738,-3.877461671829224,5.050632476806641
5790,47.50647601183576,-122.21683564154296,3.103951241953172,24.003835678100582,0.1839248490215585,15.66660147863694,0.0,19.91041141327758,0.0019831043408056,-0.0015466620503131,-4.92808961868286,5.2295618057250985
5820,47.506473333428296,-122.2168304497186,3.165660169933105,24.0026969909668,0.1868388791881206,15.825225274604714,0.0,19.88716109019334,0.0027036150075772,-0.0021020405030448,-5.647653102874756,6.0767436027526855
5850,47.50646777964377,-122.21682324461192,3.230975786136362,24.00125312805176,0.195512117781594,15.97280974539439,0.0,19.85178260945865,0.0035941027656493,-0.002885151014329,-6.363009452819822,6.918971061706544
5880,47.506459948538655,-122.21681433973434,3.290604615276315,23.99955940246582,0.2102803683408018,16.105281837944066,0.0,19.805829119879697,0.0049620303318574,-0.0042192201021265,-7.082573413848875,7.766152381896971
5910,47.50644660784778,-122.21680066045867,3.339333752995157,23.99779319763184,0.2273779268677574,16.197262697210434,0.0,19.735034823191672,0.0058124108286339,-0.0050437906883432,-7.625401973724366,8.418741226196289
5940,47.50643836214192,-122.21679215665372,3.395284452983076,23.999988555908203,0.2384527542499026,16.28819511941549,0.0,19.69142199735728,0.0049346973315698,-0.00423949997263,-7.267722129821776,8.079513549804688
5970,47.50644640504908,-122.21680093378868,3.440806130777289,24.00045394897461,0.2422879585794821,16.46292815495389,0.0,19.73232799408169,0.0042495841336202,-0.0037298015335444,-6.907938003540039,7.738289833068847
6000,47.50645150203346,-122.21680778492066,3.480223056067536,24.001564025878903,0.2428932416290149,16.616610413143917,0.0,19.76240241154833,0.0043308540214899,-0.003754019415919,-7.260090351104735,7.624581813812256
6030,47.50645125985464,-122.2168069722218,3.509950269532076,24.000192642211918,0.2432553876878324,16.73710886664921,0.0,19.75920639352102,0.0047970416191803,-0.0039968733470599,-7.833404064178469,7.582872390747071
6060,47.50644883131533,-122.2168023103458,3.541793374162672,24.001314163208008,0.2421447230621546,16.82902248005702,0.0,19.74033931926979,0.0047727689948409,-0.0038598024413875,-8.029266357421871,7.389908790588377
6090,47.50645020202439,-122.21680255307206,3.569326449767663,24.00104522705078,0.2383403534175592,16.946788834582332,0.0,19.74394487601079,0.0045591586329484,-0.0036481705916248,-8.150561332702638,7.16737747192383
6120,47.50645231834288,-122.21680468917567,3.594289437293132,24.002016067504883,0.2324053546087607,17.06599509386293,0.0,19.754883056796245,0.0044618120293918,-0.0035391719666048,-8.27114772796631,6.946147918701171
6150,47.506453408329136,-122.2168056626417,3.613048045914584,24.001821517944336,0.2250169837240136,17.18071402085959,0.0,19.761017284788306,0.0044935708421965,-0.0035469389176628,-8.39244270324707,6.72361660003662
6180,47.506453330659625,-122.2168053450536,3.6191183306482992,24.0007266998291,0.2168466389930788,17.280427788561443,0.1305261922195844,19.761372321254004,0.0053058304167622,-0.0044602206742038,-8.760205268859863,7.534193992614748
6210,47.50644419784206,-122.21679722245784,3.6099612851974383,23.998828887939453,0.20899695817526,17.320149306277475,0.2588190451029757,19.71956249541268,0.0065478889358977,-0.0058190976963018,-8.936787605285645,8.236876487731935
6240,47.50643060907184,-122.21678480187263,3.642194559626273,24.003070831298828,0.199278153476411,17.31378713934714,0.3826834323650891,19.65741893047809,0.0039265026093989,-0.0042036291340807,-6.818083763122559,7.69056272506714
6270,47.50644676375746,-122.21681101573591,3.66482187708537,24.00446128845215,0.1846177310917237,17.533117118958923,0.4999999999995907,19.766108636253144,0.002252263915398,-0.0033427359094781,-4.879294872283936,7.284449100494386
6300,47.50645537268971,-122.21682775812285,3.6696648537087455,24.005146026611328,0.1730236911170624,17.700180918710828,0.6087614290090932,19.832648566852207,0.002396138202664,-0.0041199909375477,-3.8653225898742662,7.592546463012694
6330,47.506447600139424,-122.21682631937998,3.674674077282094,24.004735946655277,0.1659087327236162,17.755542777297226,0.707106781186546,19.809680582015545,0.0026150050993927,-0.0045792108875037,-2.845386028289795,7.902455329895019
6360,47.50644300793992,-122.216824130711,3.6835745170048058,24.005126953125,0.1612557052723973,17.811433954663002,0.7933533402909488,19.7946479915049,0.0024364329049069,-0.0052758174125426,-1.8254493474960325,8.212365150451658
6390,47.50643604187467,-122.21682591643297,3.7941350694348457,24.00457191467285,0.1616377107987418,17.863182832456822,0.8660254037846729,19.778589961317515,0.002131479472966,-0.0055916055962063,-0.8114773631095887,8.52046203613281
6420,47.50643288399284,-122.21682896596728,3.9095712128387863,24.006738662719727,0.1793174375709662,18.173982172627834,0.9238795325112868,19.775321351922685,0.0029192861689398,-0.0026359140130644,-1.1469960212707515,7.062720775604249
6450,47.50646244090867,-122.21682108790031,3.780505380059312,24.00843048095703,0.1935218062408728,18.534931048656475,0.9659258262889462,19.853928728372367,0.0028935604882475,-0.0018863662501423,-1.7479184865951538,5.258865833282472
6480,47.506469936386296,-122.21682134515711,3.502646974243371,24.00857353210449,0.1773302169938695,18.23624862284494,0.9914448613738718,19.87474262310473,0.0023800044437178,-0.0035797457870181,-1.5260882377624514,5.058324813842774
6510,47.50645300259093,-122.21682648071756,3.157129218774079,24.0085563659668,0.1427610037678215,17.542849020313554,1.0,19.845112251421813,0.0012147344701045,-0.0052787809979263,-1.2347190380096436,4.989264965057372
6540,47.50643601223882,-122.2168381334173,2.827836061170823,24.00874710083008,0.101827530674207,16.648281065862164,0.991444861373872,19.80576931604981,0.0001229365624214,-0.0068316618521431,-1.6412216424942017,5.029097080230714
6570,47.50642048343028,-122.21684905139638,2.5091056007889976,24.008434295654297,0.0690977779480822,15.708387570081424,0.9659258262889469,19.757205292330404,-0.0003905362289389,-0.0085775346309438,-2.045346975326538,5.068696022033693
6600,47.50640302470249,-122.2168541861243,2.1938055560499845,24.00862693786621,0.0465665553657027,14.70269418698587,0.9238795325112876,19.698274375580294,-0.0007284677252204,-0.0102759393867974,-2.451849460601806,5.108528137207031
6630,47.50638604065493,-122.21685756543926,1.9228408679297264,24.008405685424805,0.0315772838144491,13.67075521106524,0.8660254037846741,19.64199197405908,-0.0007802724504756,-0.0121793755888116,-2.579251766204834,5.138453483581544
6660,47.50636700629291,-122.21685808348651,1.757388393476083,24.00921630859375,0.022614475772257,12.763599980778572,0.7933533402909504,19.58016177644191,-0.0023357831365611,-0.0128010804900547,-1.2888399362564087,5.117906093597413
6690,47.5063607892439,-122.21687363859336,1.7556960996499982,24.009239196777344,0.0174671574055071,12.217614142640508,0.7071067811865503,19.555237235978414,-0.0046626793230084,-0.0128577019817982,0.0091622127220034,5.097238063812257
6720,47.506360223028985,-122.21689690755524,1.7090485192723108,24.00946617126465,0.0240171113424636,12.31802714318785,0.6087614290090924,20.017394246317387,-0.0068500236656987,-0.0132911415935815,0.1358532011508941,5.60984182357788
6750,47.50635588863286,-122.21691878099864,1.660846122643013,24.00859642028809,0.0215539600327362,12.174903211712593,0.499999999999596,20.01700146294084,-0.008233046913736,-0.0142197961579807,-0.1054499968886375,6.286648750305175
6780,47.50634660208722,-122.21693261123114,1.5845527433023954,24.008947372436523,0.0192674553103833,12.014138934805825,0.382683432365088,20.015867874586107,-0.0091370048870292,-0.0148094287375531,-0.7029138207435608,6.271074771881104
6810,47.506340705761424,-122.21694165081088,1.497198922388716,24.00900650024414,0.0171676316504558,11.714012471686996,0.2588190451029747,20.014112038038395,-0.0090917641389352,-0.0145391410591612,-1.3698375225067136,6.119150161743163
6840,47.50634340863821,-122.2169411984034,1.453448910423091,24.00930404663086,0.0152175150666501,11.319218754303146,0.1305261922195833,20.01193113066953,-0.0081808529599114,-0.0136998279383989,-2.0328609943389897,5.968113899230958
6870,47.50635180176941,-122.2169320892916,1.4068850186795807,24.00927352905273,0.0135862057894578,11.151263204965844,0.0,20.00969993448533,-0.0062822188050709,-0.0123227743399833,-2.699784755706787,5.816188812255859
6900,47.5063655723054,-122.21691310295006,1.9919750396870863,24.008930206298828,0.0114828524529455,11.020252912111104,0.0,20.008243313050254,-0.0038981186160072,-0.0112111369299401,-3.024152755737304,6.2881574630737305
6930,47.5063766886795,-122.21688926194815,2.1665358746314625,24.008285522460938,0.0967606166817143,12.430369935502403,0.0,20.009803414194018,0.0006943424558641,-0.0043721720045209,-3.312557220458985,6.772146701812745
6960,47.50644507832875,-122.21684333733744,1.944387558116102,24.007644653320312,0.1191312439854666,12.85802419275149,0.0,19.83390804176025,0.0037454689872588,0.0020606861893279,-3.188816308975219,7.438549995422362
6990,47.506509406910695,-122.21681282607211,1.9770761650864903,24.00699806213379,0.0763731082216645,12.4404178173834,0.0,19.83444694461699,0.0024498420622869,-0.0011151893956244,-3.0736765861511226,7.916451930999755
7020,47.50647764815484,-122.21682578234136,2.037052187983639,24.00838279724121,0.0689204477322338,12.592974531296008,0.0,19.88835529929602,0.0029442159739973,-0.0029082324042995,-3.0028824806213383,7.434493064880372
7050,47.50645971772476,-122.21682083860226,2.0992728000777903,24.008913040161133,0.0686881137704617,12.757935128197666,0.0,19.832796728305635,0.0030321609238653,-0.0029018049053734,-2.9316720962524414,6.949698448181152
7080,47.50645978199975,-122.21681995915276,2.1569546867449367,24.010141372680664,0.066577275776538,12.957122524463394,0.0,19.828740167836692,0.0031816182027146,-0.0027269648823419,-2.8604614734649663,6.464904785156251
7110,47.50646153039997,-122.21681846457996,2.214983865186386,24.010469436645508,0.0631999759204187,13.149386019017738,0.0,19.82866537630089,0.0028732906844794,-0.0022798423912797,-2.789667367935181,5.982945442199707
7140,47.50646600162489,-122.21682154785516,2.2740822689358264,24.01107788085937,0.059110678742062,13.355145097354072,0.0,19.847396857429395,0.0027759879104774,-0.0020044954981985,-3.1039509773254395,5.8264031410217285
7170,47.50646875509382,-122.2168225208829,2.3344285660701374,24.010766983032227,0.0564826708685978,13.55641616376826,0.0,19.85662716476588,0.0027545116834582,-0.0019275477248714,-3.493715763092041,5.734133243560791
7200,47.50646952457155,-122.21682273564517,2.3958308645495787,24.011192321777344,0.0553207398124587,13.756824769890418,0.0,19.858288812703854,0.0028367097956182,-0.0018163225209779,-4.285891056060791,5.426273822784424
7230,47.50647063682359,-122.21682191366403,2.459448237487445,24.01095199584961,0.0561594694196557,13.953355391809732,0.0,19.85808951714904,0.0029894233885626,-0.0018074143778021,-5.116433143615724,5.098602771759033
7260,47.50647072590503,-122.21682038652813,2.523909123868148,24.01139068603516,0.0588647620089959,14.150883500297336,0.0,19.852634448798863,0.0028105334397282,-0.0015616984360973,-5.316287517547607,4.8507609367370605
7290,47.50647318306444,-122.2168221754276,2.58856948515136,24.01143264770508,0.0613417983365166,14.357326663501558,0.0,19.862940228305668,0.0025534342576927,-0.0013134582544176,-5.514973163604736,4.604367733001708
7320,47.506475665466255,-122.21682474641942,2.651762413586686,24.01180648803711,0.0639967758095026,14.566893043968555,0.0,19.87507144755101,0.0023159117214489,-0.0011418186351287,-5.714827060699463,4.356525897979736
7350,47.506477381862446,-122.21682712164478,2.714396520806872,24.011865615844727,0.0668154597453826,14.770999165544332,0.0,19.88602344249509,0.0022137729219523,-0.001042171683496,-5.865811347961426,4.211834907531738
7380,47.50647837833196,-122.2168281430328,2.7760186127574067,24.01165771484375,0.0700035521971485,14.971570291250554,0.0,19.890499913403787,0.0020203439630102,-0.0010617708593984,-5.767784118652344,4.5917158126831055
7410,47.5064781823402,-122.21683007732236,2.8353208376867904,24.01152992248535,0.0729376352361502,15.16905388182192,0.0,19.89679380000631,0.0020116826765731,-0.0011741629984344,-5.669180870056152,4.973832130432129
7440,47.50647705841882,-122.21683016393524,2.8912259069653925,24.01140594482422,0.0758128716198364,15.35762822001957,0.0,19.89437057753781,0.0020267868535927,-0.0012896958420662,-5.729240417480468,5.082769393920898
7470,47.506475903090376,-122.21683001289348,2.9455116980628144,24.011598587036133,0.0781195687819871,15.537275973255555,0.0,19.891776270493253,0.0020557402144126,-0.0013551690950237,-5.838697433471679,5.105416774749756
7500,47.50647524835785,-122.21682972335988,2.997315151047573,24.01154327392578,0.0800572022105824,15.715763092633908,0.0,19.888950192892533,0.0020554780470248,-0.0013712761175539,-5.896482467651367,5.057529926300048
7530,47.506475087287626,-122.21682972598153,3.0477377955748755,24.011829376220703,0.0810513472183061,15.890568407973024,0.0,19.88882589327573,0.0019955208120305,-0.0013670973987021,-5.944024085998535,4.995806217193604
7560,47.506475129074815,-122.21683032555389,3.0957942732025696,24.01180076599121,0.0814348857741303,16.066585685260694,0.0,19.8904370094706,0.0019807811929022,-0.0013751349617933,-5.991287231445313,4.934443473815918
7590,47.50647504869918,-122.21683047295008,3.142324067509396,24.012006759643555,0.081474183607522,16.23596314608369,0.0,19.89135694761244,0.0019734491653875,-0.0013932163575697,-6.0388288497924805,4.872719764709473
7620,47.50647486788522,-122.21683054627034,3.185580090597886,24.011877059936523,0.081426303551136,16.403427028484007,0.1305261922195807,19.891591036983463,0.0020322827766427,-0.0015126871636852,-5.915830135345458,5.027806758880615
7650,47.50647367317716,-122.21682995793424,3.2264482593689428,24.011926651000977,0.0815174980203133,16.55885517364193,0.2588190451029789,19.88857641547097,0.0021424866616346,-0.0017132653443531,-5.795444011688233,5.183265686035157
7680,47.50647166739535,-122.2168288558954,3.263494675739506,24.01181411743164,0.0820612900522491,16.706910933947217,0.3826834323650855,19.882021508658365,0.0023909657285598,-0.0020579545944022,-5.69734287261963,5.355161190032958
7710,47.50646822050285,-122.21682637110472,3.2948623336745904,24.01178741455078,0.0832556907158,16.83866799815004,0.4999999999995875,19.869148643673302,0.0027738154946255,-0.0025311815311465,-5.613960266113281,5.430933952331542
7740,47.506463488233486,-122.21682254260706,3.324632462852405,24.012311935424805,0.0847771471552585,16.952964447145984,0.6087614290090902,19.84922822524363,0.0026676301058616,-0.002381436725959,-5.605801582336426,5.018225669860839
7770,47.50646498568154,-122.21682360446094,3.348037537598839,24.01254272460937,0.0838553402327857,17.08500199326171,0.7071067811865483,19.85860223627586,0.0029078980875696,-0.0025523486309816,-5.5975942611694345,4.603088378906249
7800,47.50646327656249,-122.21682120178112,3.412759320630126,24.012977600097656,0.0835053922663199,17.193230906128257,0.7933533402909487,19.84996482883147,0.0025373694861184,-0.0021467060933323,-5.589387416839599,4.187951564788818
7830,47.50646733298787,-122.21682490706714,3.529015927379528,24.013093948364254,0.0817008454710535,17.448918959584617,0.8660254037846745,19.87170023872719,0.0014696690466229,-0.0012026313690762,-5.581228256225586,3.77524209022522
7860,47.50647677373511,-122.21683558407152,3.6233323460026727,24.013051986694336,0.0783063748502664,17.895305078579593,0.9238795325112868,19.926989273740453,0.0008526001621743,-0.0009430742358015,-5.437087535858154,4.132898330688477
7890,47.50647936930644,-122.21684175476038,3.545871046609277,24.012420654296875,0.0767676043266121,18.269276688717177,0.9659258262889462,19.953133173491317,0.0003476150234029,-0.0008744171629762,-5.266331195831299,4.641870021820068
7920,47.50648005587717,-122.21684680461176,3.2846160067594856,24.012475967407227,0.0732761420130757,18.12518861916921,0.9914448613738718,19.96785421787132,-0.0003644256491251,-0.0004747807072252,-4.919883728027344,4.879594802856446
7950,47.50648405224173,-122.2168539250185,2.811298664105386,24.01230239868164,0.067334802297165,17.40136578172856,1.0,20.00594421094871,-0.0007612392409696,-0.000475475010489,-4.556682586669922,5.096374034881591
7980,47.50648404529869,-122.2168578931544,2.4497473799591774,24.01216506958008,0.0560937346773448,15.93784992463934,0.9914448613738722,20.006620152354568,-0.0003358829739386,-0.0011132890666537,-5.154170513153075,5.040592193603516
8010,47.50647766715813,-122.21685363959176,2.437197488791517,24.011764526367188,0.0457415827472646,14.787396456688572,0.9659258262889469,20.00642597422626,0.0004683344647231,-0.0016312718155154,-5.748164653778076,4.985137939453124
8040,47.50647248733065,-122.21684559741736,2.606392725784353,24.01142883300781,0.0386714563199002,14.85458488471649,0.9238795325112878,19.94031376460255,0.0009967078105055,-0.0012898923342587,-6.345653057098389,4.929356575012207
8070,47.506475901125455,-122.2168403136839,2.516014597006023,24.01103973388672,0.0392338529470713,15.613667610930346,0.866025403784676,19.942824554926723,0.0015344820251037,-0.0006256993862083,-6.76165771484375,5.003463268280029
8100,47.506482543054936,-122.21683493594176,1.976774693104596,24.01046562194824,0.0355319896269522,15.429152200027351,0.7933533402909505,19.94255516432653,0.0003785204678309,0.000857820658308,-6.253785610198975,5.7366113662719735
8130,47.50649737825538,-122.21684649555732,1.7691363570061158,24.00999641418457,0.0259578584644827,13.398637580302289,0.7071067811865505,20.00590989937356,-0.0006149949093678,0.0014127340227116,-5.742925643920898,6.474072456359863
8160,47.50650292738903,-122.21685643071108,1.5960239492030506,24.0095157623291,0.0222915517467906,12.743194047709745,0.6087614290090926,20.004709188687,-0.0018374648628627,0.0006733682784794,-5.597071170806884,6.866824626922607
8190,47.50649553373159,-122.21686865541064,1.5634771266045684,24.009374618530277,0.0201410637115585,12.145365718348566,0.4999999999995962,20.003554112400263,-0.0026034719869468,-0.0002211548116099,-5.5665130615234375,7.149200439453125
8220,47.506486588500685,-122.21687631548188,1.6135709662120996,24.00972557067871,0.0235081948735053,12.087398043961777,0.3826834323650883,20.003161815196822,-0.0028242004482644,-0.0011190274595527,-5.381952285766601,6.857794761657714
8250,47.5064776097742,-122.21687852276648,1.8043162662874812,24.010766983032227,0.027392382933516,12.279810906319398,0.2588190451029817,20.00346685166286,-0.0033063397745446,-0.0011622218846186,-5.167271614074707,6.453715324401856
8280,47.50647717782995,-122.21688334415975,2.256434734567561,24.01126480102539,0.0360962160281653,12.913230662440144,0.1305261922195836,20.003682158726427,-0.0031758408396091,-0.0007397305072513,-4.953846454620361,6.051999092102052
8310,47.50648140274373,-122.2168820391704,2.038348120486168,24.011964797973636,0.049486193061228,14.240337971705284,0.0,20.000853016615107,-0.0011183795836414,0.0012829133446997,-4.739165782928468,5.647919654846191
8340,47.506501629182246,-122.21686146455784,2.0411018174861058,24.01201820373535,0.0291362267935954,13.747355614360902,0.0,19.99826128856406,-0.0002071806081312,-0.0011900299200212,-4.205440998077393,5.864317893981934
8370,47.5064768997496,-122.21685235256808,2.0658188702630413,24.012041091918945,0.022901983547466,13.800970592838915,0.0,19.996660747378613,0.0003726576324415,-0.0025579822250558,-3.7102553844451904,6.033302307128906
8400,47.50646322022655,-122.21684655418568,2.107116597005214,24.01253318786621,0.0182757503604419,13.863808466545464,0.0,19.896948396812395,0.0006564648907839,-0.0023008012283207,-3.642414569854736,5.642665386199952
8430,47.50646579203652,-122.21684371611308,2.1448926789279787,24.01272773742676,0.0155626701317963,14.00960316517309,0.0,19.90312125282015,0.0006586195401037,-0.0017158461458751,-3.6098790168762207,5.297987937927246
8460,47.50647164158734,-122.2168436945666,2.1821779784466235,24.01274871826172,0.0130247290733471,14.151514790291175,0.0,19.923880681160448,0.000894133459615,-0.001785093500083,-3.756791353225708,5.188671588897706
8490,47.5064709491138,-122.2168413394274,2.218352252076566,24.012619018554688,0.0112156424096484,14.276881033194922,0.0,19.91727162708089,0.0010410363799168,-0.0016697606847071,-3.904567241668701,5.078712940216064
8520,47.506472102441954,-122.2168398703982,2.257165091754794,24.01263999938965,0.0098976129446171,14.401760840340708,0.0,19.918318415530607,0.0011778442969652,-0.0015897279465939,-4.052343845367432,4.968754291534424
8550,47.50647290276933,-122.21683850231904,2.2922370375234857,24.012529373168945,0.0089662173915657,14.531120405961936,0.0,19.917375585691623,0.0012673049066674,-0.001418245477206,-4.199255466461183,4.859438419342042
8580,47.50647461759403,-122.21683760771292,2.327201893218882,24.012624740600582,0.0082449439104579,14.6518721628725,0.0,19.9203643259527,0.0011469764241327,-0.001199337740801,-3.773648500442504,4.835093975067139
8610,47.506476806671394,-122.21683881099776,2.3557656677677445,24.012697219848636,0.007262139227421,14.77589378574634,0.0,19.92926498193613,0.0010071642875468,-0.0010967277943359,-3.23577094078064,4.827512264251708
8640,47.506477832770855,-122.21684020911913,2.3835189061066804,24.01278114318848,0.0064716860955977,14.881803560516168,0.0,19.93605056632906,0.0011628575190705,-0.001172341791287,-3.528313159942627,4.486222267150879
8670,47.50647707663089,-122.2168386521868,2.408655990799009,24.01274871826172,0.0060239863053974,14.977311064408148,0.0,19.92959850250117,0.0011657165160865,-0.0009884094752296,-3.891480445861816,4.115126609802245
8700,47.50647891595405,-122.21683862359684,2.4369921621371717,24.01266288757324,0.005563677234344,15.070985591315642,0.0,19.93451609355172,0.0011265529390569,-0.0009119736469182,-3.8535802364349374,4.15407943725586
8730,47.50647968031233,-122.2168390152326,2.462401589678949,24.012475967407227,0.0053656853863593,15.171035323899646,0.0,19.937288174764365,0.0011249793997374,-0.0009243946001306,-3.815901756286622,4.192805290222169
8760,47.5064795561028,-122.216839030968,2.4911610270796274,24.01237297058105,0.0053699484291235,15.262249925198995,0.0,19.937340093854917,0.0010682896252878,-0.0008920332287934,-3.77800178527832,4.23175811767578
8790,47.50647987971652,-122.21683959786576,2.519169325141676,24.012191772460938,0.0054132120294404,15.362941041689863,0.0,19.939618852169687,0.0011006569834757,-0.000936418623888,-3.807942390441894,4.290590763092041
8820,47.50647943586256,-122.21683927419215,2.5542863506579345,24.011831283569336,0.0058585815248268,15.459135452345402,0.0,19.937870718947728,0.0013822828213192,-0.0011821487927837,-4.182154655456544,4.450011253356934
8850,47.50647697856087,-122.2168364579338,2.5919869457305253,24.01149177551269,0.0070706223658803,15.565475712449851,0.0,19.92324091693395,0.0016211285312417,-0.001352054578728,-4.558568000793457,4.610369682312012
8880,47.506475279503015,-122.21683406947668,2.63508329616527,24.011157989501957,0.008639352212273,15.680026988234353,0.0,19.912187209846845,0.0020319940363332,-0.0016638756057442,-5.017383575439453,4.577712059020996
8910,47.50647216129274,-122.21682996082164,2.6780335639081976,24.011009216308597,0.010940632384322,15.802440985955208,0.0,19.89212818271362,0.0022138466720209,-0.0017134411215497,-5.499352455139159,4.484726428985595
8940,47.506471665637584,-122.21682814229528,2.72035905132757,24.01109313964844,0.0131303281992244,15.932682855216424,0.0,19.88557532514964,0.0019999586803168,-0.00150239240314,-5.239182472229005,4.20496129989624
8970,47.50647377612477,-122.2168302811752,2.755683133887054,24.01155662536621,0.0132048226840416,16.0761548293515,0.0,19.89642673058893,0.0014078943526183,-0.0010888154184193,-4.833144187927246,3.8887307643890376
9000,47.50647791189461,-122.21683620181848,2.787847924146184,24.011646270751957,0.0118869889989698,16.214224993564173,0.0,19.92415717841609,0.0010694989530628,-0.0008334229535772,-4.429480075836182,3.574349403381347
9030,47.50648046581927,-122.21683958577248,2.812164566368473,24.011850357055664,0.010477548565446,16.33843259742949,0.0,19.94074202291224,0.0007462206873831,-0.0006095449044318,-4.0234413146972665,3.258118867874145
9060,47.50648270459976,-122.21684281855512,2.830755691364349,24.01202774047852,0.0090355030042553,16.44220545928642,0.1305261922195804,19.95718263269889,0.0006694725728722,-0.0004824592449734,-3.793436765670777,2.6816825866699223
9090,47.50648397545635,-122.21684358603628,2.818984207008864,24.01202774047852,0.0082716965499381,16.522823991564543,0.2588190451029787,19.96426728151349,0.0009036189830925,-0.0005981325376042,-3.5888955593109126,2.1747610569000244
9120,47.50648281872343,-122.21684124457217,2.7850441382979256,24.01171875,0.0088046946797812,16.51005677107065,0.3826834323650853,19.956552617884014,0.0016588534715608,-0.0012418830137054,-3.676146984100342,2.468369960784913
9150,47.50647638121866,-122.21683369222728,2.732903419157845,24.011335372924805,0.0098426068614738,16.42015674890404,0.4999999999995873,19.92106182427048,0.0027686286912134,-0.0026536745923105,-3.82867932319641,2.7726831436157227
9180,47.50646226330288,-122.21682259447508,2.664643418992989,24.0108642578125,0.0111859172907727,16.267757111088308,0.6087614290090957,19.85768679341291,0.0040669041494917,-0.0047572022066949,-4.311771392822266,3.1295659542083745
9210,47.50644122802673,-122.2168096117205,2.5748286669039278,24.010290145874023,0.0122781947735781,16.062408839347555,0.7071067811865482,19.772338754263487,0.0058120268247554,-0.0077867086530284,-4.797704696655273,3.488548040390015
9240,47.50641093296227,-122.21679216049375,2.4768988396413065,24.009689331054688,0.012809148926558,15.790907600681216,0.7933533402909443,19.65426541513388,0.0075227149945344,-0.0112380647562208,-5.283638477325439,3.8475306034088135
9270,47.50637641940124,-122.21677505361204,2.3973983511057964,24.00900650024414,0.0120824255036711,15.507413948155971,0.8660254037846744,19.52983998278553,0.0090739405730334,-0.0147385184804478,-5.766729831695556,4.204412937164306
9300,47.506341414864,-122.21675954135628,2.356967366071886,24.007936477661133,0.0108954741699795,15.292684179163317,0.9238795325112866,19.41107948857674,0.0105208513779295,-0.0174496927540561,-6.289557456970216,4.942957878112793
9330,47.50631430312126,-122.21674507224824,2.2855330254228847,24.00643348693848,0.0104400517804467,15.199471966377692,0.9659258262889444,19.317147378965437,0.0120863120524731,-0.0195383638173586,-6.819608688354492,5.755821704864502
9360,47.50629341641063,-122.21672941764147,2.2234895532309387,24.00540351867676,0.0105081854882606,14.995659379226854,0.9914448613738728,19.238801327545023,0.0120822890344407,-0.0191598309851504,-6.623041629791259,6.4766206741333
9390,47.50629720173895,-122.21672945787166,2.1991522764403846,24.00448226928711,0.0102753370187148,14.70273800442492,1.0,19.245814254488756,0.0073794405761654,-0.0136714905546225,-6.365056514739989,7.194388389587402
9420,47.506352085143256,-122.21677648635624,2.104445790039734,24.004121780395508,0.0100130325028794,14.699299183821838,0.9914448613738732,19.46083322789393,0.0053421214980743,-0.0113522531011315,-5.832440853118897,7.600845813751221
9450,47.50637527751779,-122.21679685954702,1.9854786035405116,24.003795623779297,0.0096613626649045,14.522414965036443,0.9659258262889452,19.557931040178797,0.0039923756075222,-0.0110007058168702,-5.302939891815185,8.004926681518555
9480,47.50637879299063,-122.21681035700593,2.1920615008107784,24.003551483154297,0.0098181580091331,14.213224609680845,0.923879532511288,19.58558251776141,0.0008559331748726,-0.0067477513292904,-4.770324707031249,8.411383628845215
9510,47.50642132253551,-122.21684172143026,2.198786465759321,24.00307846069336,0.0541938830338043,14.581893929951306,0.8660254037846761,19.752877270982047,-0.0003917382656756,-0.0008215011901587,-4.237709045410155,8.81784152984619
9540,47.5064805850369,-122.21685419814466,2.1415244356468404,24.002765655517575,0.0518173411415685,14.738527629733916,0.7933533402909463,20.0023962105742,0.0031174793959041,-0.0006609340621383,-3.708208322525024,9.221921920776364
9570,47.50648219070818,-122.21681910596804,2.1119415154065093,24.002117156982425,0.0473629640874412,14.55668409231136,0.7071067811865507,19.87986592343199,0.0037145222210351,-0.0012948468428744,-3.1755926609039307,9.628379821777344
9600,47.50647585158037,-122.2168131355398,2.125448528430258,24.00127410888672,0.047459448884916,14.469633577157405,0.6087614290090985,19.852365515072893,0.0056153473330124,-0.0007504013682762,-3.509020566940308,10.065436363220211
9630,47.50648129603512,-122.21679412728868,2.1542789169825856,23.999486923217773,0.052782320386822,14.461934147156937,0.4999999999995902,19.79109349662609,0.0065340018957816,-0.0009795628549798,-4.1120381355285645,10.509531021118166
9660,47.50647900442025,-122.21678494074304,2.2054996762956263,24.004735946655277,0.0582520661637861,14.51150647495366,0.3826834323650885,19.75833563303033,0.0041348326970322,0.0014775948926088,-1.2302788496017458,8.120862007141113
9690,47.506503575997726,-122.21680893243504,2.245549036544895,24.00905036926269,0.0575641285087941,14.70089042217079,0.258819045102982,19.83844670049983,0.0024716249870101,0.0017805438609069,2.3345088958740234,5.17701292037964
9720,47.50650660548741,-122.21682556451212,2.2850396860920066,24.009714126586918,0.0513381265151997,14.872527313437756,0.1305261922195838,19.887205303809008,0.0022849409701572,0.0010502511039394,5.878449440002442,2.250380754470825
9750,47.50649930255984,-122.2168274313523,2.328432520390102,24.01136016845703,0.043421759889193,15.036060065319566,0.0,19.9046633908558,0.0004510340787311,0.0002982226178838,9.443237304687498,-0.6934674978256226
9780,47.50649178227498,-122.21684577042122,2.352764817946152,24.01437187194824,0.0354347686659333,15.239709799726649,0.0,19.976052800371697,0.0011868604635126,-0.0004526523063916,7.978607177734374,-3.6601428985595694
9810,47.506484273525736,-122.21683841215736,2.4032965258845644,24.014741897583008,0.0284777781251948,15.33998090343676,0.0,19.94464549881621,-0.0012932134282316,0.0016875785951548,6.474854946136474,-6.395929813385009
9840,47.50650567583475,-122.21686321289629,2.4475419602686546,24.014402389526367,0.0283317363116773,15.521232305593903,0.0,19.99151650981289,-0.0009503717293297,0.0023363635645626,4.382945537567139,-6.553739070892335
9870,47.50651216368445,-122.2168597844793,2.4891105036709726,24.01239013671875,0.0261263142049076,15.669858220951443,0.0,19.98875701659192,-0.000455994760788,0.0021052897184726,2.537259817123413,-6.69045352935791
9900,47.50650985294598,-122.21685484070962,2.5400129922015964,24.012880325317383,0.0254317839268033,15.807342550700668,0.0,19.987466462711307,-0.0007860382584539,0.0023620460330799,1.9525181055068968,-6.719266414642336
9930,47.50651242050913,-122.21685814114458,2.59239503857486,24.01175117492676,0.027131368529502,15.962244747259998,0.0,19.985874650536985,-0.00127866859192,0.0025870469595833,1.3643367290496826,-6.748248100280761
9960,47.50651467051839,-122.21686306744792,2.650530847627544,24.011762619018555,0.030293883073389,16.1182708106455,0.0,19.985153351958683,-0.0015471494164643,0.0029041475057548,0.7761553525924683,-6.77722978591919
9990,47.50651784152386,-122.21686575225615,2.7096748148319527,24.011211395263672,0.0345330886389472,16.286410763137532,0.0,19.98391643410133,-0.001756827756211,0.002833311997478,0.1914135962724685,-6.806042194366455
10020,47.50651713316878,-122.21686784903956,2.7730728894459165,24.010948181152344,0.0398746259195178,16.455247597612242,0.0,19.98335416883035,-0.0020115217298413,0.0028110119877599,0.3684802055358886,-6.596795082092285
10050,47.50651691016868,-122.2168703959793,2.8335959045148087,24.01047134399414,0.0457605807168837,16.633532309529404,0.0,19.982651314059307,-0.0021462233706053,0.0026020664946379,0.6953856348991393,-6.340900421142579
10080,47.50651482071375,-122.2168717429957,2.8966556379579265,24.01039123535156,0.0516954964119197,16.80557723658169,0.0,19.98283915743861,-0.0023228889479096,0.0026050309687853,0.9348731637001038,-6.404554367065431
10110,47.506514850358485,-122.21687350965148,2.957026308189576,24.01047706604004,0.0577646013779595,16.983676892104604,0.0,19.98217670804432,-0.0024497181973716,0.0025634316082838,1.1686478853225708,-6.495073795318604
10140,47.50651443436488,-122.21687477794396,3.020114447257936,24.01028823852539,0.0639935627673153,17.155786517569595,0.0,19.9821082052881,-0.0025835868218205,0.0026919450669729,1.1267627477645874,-6.696284770965577
10170,47.50651571949947,-122.21687611663022,3.080966166278932,24.010496139526367,0.0704245809524814,17.33401611353586,0.0,19.98132244712567,-0.0026939962935469,0.002746271031122,1.0851227045059204,-6.896317958831788
10200,47.50651626275911,-122.21687722072494,3.145373959422089,24.01030731201172,0.0773781359331654,17.506180180540102,0.0,19.98095345366381,-0.0027811933786106,0.0030225322028041,1.043237566947937,-7.0975279808044425
10230,47.50651902537083,-122.2168780926958,3.20733768944406,24.01054000854492,0.0845147918800476,17.686774957732556,0.0,19.98005263329984,-0.0029304937694993,0.0031099376136685,1.0186642408370974,-7.243509769439696
10260,47.50651989942494,-122.2168795856997,3.268282318628512,24.00985717773437,0.0918865855553427,17.861976040407594,0.0,19.979322250101685,-0.0030096940736719,0.0029859870695472,1.0821298360824585,-7.108221530914306
10290,47.50651865991949,-122.21688037770274,3.3250535078305,24.00985717773437,0.0985584595908263,18.03631605320364,0.0,19.97863904580696,-0.0030041665962927,0.0029061604620214,1.145969033241272,-6.972137451171875
10320,47.50651786165342,-122.21688032242795,3.375863236392892,24.00851058959961,0.1042333825759982,18.204832321838506,0.0,19.97819743104312,-0.0029262009973818,0.0025015646070533,1.1602115631103516,-5.99059820175171
10350,47.50651381569487,-122.21687954277198,3.4215015229063463,24.007482528686523,0.1073582933154325,18.365679198040635,0.0,19.979515487760523,-0.0025536403883471,0.0018568480476384,1.1588201522827148,-4.749713897705077
10380,47.50650736852928,-122.21687581716589,3.4686247852093275,24.007156372070312,0.1080219080297312,18.52242676212173,0.0,19.98174963621741,-0.0022783823127529,0.0016096043952706,0.955108642578125,-4.49678373336792
10410,47.50650489609275,-122.21687306458512,3.5094311590390777,24.007198333740234,0.1074941746547701,18.685927282808287,0.0,19.98242255366949,-0.0021000230879699,0.00137629794609,0.7117837071418763,-4.438728332519532
10440,47.50650256302826,-122.21687128099288,3.552201169474172,24.006851196289062,0.1064102476140572,18.835682812976977,0.0,19.98367323848058,-0.0019143468717019,0.0013630732633587,0.4698816239833832,-4.381011962890625
10470,47.50650243078143,-122.21686942423072,3.5901473594521134,24.00687789916992,0.1048350494887969,18.99120432776961,0.0,19.98422757848185,-0.0018246254001517,0.0012601431251111,0.2265566438436508,-4.322956562042236
10500,47.50650140148005,-122.216868527016,3.632381722383769,24.006423950195312,0.1032693527284012,19.13525799014639,0.1305261922195802,19.98597351029917,-0.0017051030232136,0.0012528739324876,0.445765197277069,-4.063586235046387
10530,47.506501328788126,-122.21686733179224,3.667965083127666,24.006319046020508,0.1010207571930248,19.29219312565419,0.2588190451029785,19.98767618256089,-0.001663586863009,0.0011922782547712,0.6411769986152649,-3.800273656845093
10560,47.50650072283135,-122.21686691663064,3.706676517279954,24.00584983825684,0.0989037367463406,19.43241111769421,0.3826834323650851,19.990610816661075,-0.0014846890181987,0.0011917869825505,0.5642287731170654,-3.469109535217285
10590,47.50650071791863,-122.21686512765218,3.739222403045853,24.00571060180664,0.0956592059695492,19.583883684213525,0.499999999999587,19.992491559076772,-0.0013648864206243,0.0010129678511621,0.5048943161964417,-3.1587133407592773
10620,47.506498929727314,-122.2168639296262,3.774000278744849,24.00538825988769,0.0923518147233985,19.720476343734763,0.6087614290090955,19.994775164563528,-0.0012186186721973,0.001058575100763,0.535337269306183,-2.95558261871338
10650,47.506499385799806,-122.21686246694873,3.804312123820049,24.005306243896484,0.0890124257540416,19.862051825666097,0.707106781186548,19.996832103121417,-0.0011174586564676,0.0011871834032743,0.5659592151641847,-2.751256227493286
10680,47.50650067188283,-122.21686145534856,3.833162496800724,24.005035400390625,0.0889729253501328,19.982431215146093,0.7933533402909441,19.99892620207096,-0.0009517499488,0.0013886642936666,0.5965812206268309,-2.546930313110352
10710,47.50650268669174,-122.2168597982615,3.8722609408590634,24.00490379333496,0.0978866763732348,20.069129406282595,0.8660254037846743,20.00099297103843,-0.0006726706193409,0.0019346371056404,0.6270241141319276,-2.343799114227295
10740,47.50654039037161,-122.21686821864516,3.810097847723624,24.0045108795166,0.1158880066736013,20.155201880869487,0.9238795325112864,20.003325294050505,-0.0002561508221912,0.0023287818459654,0.2867486774921416,-1.603245496749878
10770,47.50658314484978,-122.21686832262758,3.805533525780649,24.00414657592773,0.1111523826288442,20.031997227741787,0.9659258262889442,20.00577533249553,0.000259790072563,0.0023417749508281,-0.1261500120162964,-0.7576961517333984
10800,47.50662230436335,-122.21685883338408,3.800110590714248,24.00398063659668,0.1180245516901899,20.03636657546887,0.9914448613738728,20.00833460858652,0.0006922094349575,0.002236033408982,-0.1492042988538741,-0.5969645977020264
10830,47.50665851417141,-122.21684297236656,3.790090657016787,24.0037841796875,0.1244612247425362,20.038729094540823,1.0,20.010954528743973,0.001038949528947,0.0020670495260223,-0.1401253193616867,-0.4919139444828033
10860,47.50669127515801,-122.21682218914012,3.779985576249517,24.003643035888672,0.1308609869710904,20.02973876147472,0.9914448613738732,20.01345486348473,0.0012590059081419,0.001868056020473,0.3287924230098724,-0.5277194380760194
10890,47.50672041948996,-122.21679900514452,3.768237225137936,24.003475189208984,0.1380663911211449,20.01522132813234,0.9659258262889452,20.015894494322595,0.0013101900742562,0.0016648019179674,0.7949679493904115,-0.5633155703544618
10920,47.50674613364757,-122.21677665680164,3.75904899631604,24.003387451171875,0.1469230749896283,19.990482502122106,0.923879532511288,20.018268375152584,0.0011682577342412,0.0015219958685313,1.2638857364654543,-0.5991210937500001
10950,47.506770072184885,-122.2167586051628,3.747864784131498,24.003219604492188,0.157771211621104,19.96247176998552,0.8660254037846762,20.020438665157386,0.0008442376402798,0.0013984332162457,1.7326327562332158,-0.445728600025177
10980,47.50679214377863,-122.2167477747364,3.735318128594948,24.00288391113281,0.1698196584163435,19.924230139538007,0.7933533402909465,20.02328856902764,0.0003150704320367,0.0011560943715391,2.1977722644805917,0.6673769950866698
11010,47.506808988629714,-122.2167478152346,3.716077826091438,24.00249481201172,0.1829856257641693,19.874624545740392,0.7071067811865508,20.026656104271385,-0.000603984129726,0.0006113049808515,2.665647983551026,1.7870303392410278
11040,47.50681372915215,-122.2167670721824,3.688174878031091,24.00227928161621,0.1987039208739987,19.799706832760684,0.6087614290090986,20.02962545328586,-0.0018671300570725,-0.0001330895710307,2.924347400665283,1.6727924346923828
11070,47.50680406704711,-122.21681082247596,3.64363706632356,24.002422332763672,0.213063032222548,19.708484727007143,0.4999999999995905,20.031399302233226,-0.0030239019286336,-0.0005570842016383,3.1159484386444096,1.172347903251648
11100,47.50679054236412,-122.21687278856014,3.586855789895031,24.00227165222168,0.2229392911146521,19.58837746720814,0.3826834323650887,20.03246270952072,-0.003611679840592,-0.0005590477779435,1.8996193408966064,0.6185634136199951
11130,47.50678120526539,-122.21693886100329,3.5284619857840567,24.002243041992188,0.2256273542655164,19.456066006132662,0.2588190451029822,20.033526087091,-0.003345883113704,-8.957732286809227e-05,0.4073907136917113,0.0549111515283584
11160,47.50678440701456,-122.21699196775458,3.4895938932032906,24.001998901367188,0.224770686380535,19.330851320977008,0.1305261922195841,20.034666732604773,-0.0028659139879495,0.0007132170897176,-1.0761111974716189,-0.5054449439048767
11190,47.50680432191018,-122.21703493329646,3.469883402430604,24.0019645690918,0.225646951111671,19.249866867123107,2.443103791928823e-16,20.03593224374173,-0.0017570782506842,0.0016477540914576,-2.568339586257934,-1.0690971612930298
11220,47.50684112984839,-122.21705312957658,3.465983256523728,24.001523971557617,0.2262096363197084,19.226603222776248,0.0,20.03732001497165,-0.0008298226605547,0.0022662400032694,-0.2011756747961044,0.326832354068756
11250,47.50688508537423,-122.21705768739837,3.4644786018081937,24.00126266479492,0.2282215862127156,19.241097576726755,0.0,20.03870757798845,-0.0006600845689849,0.0023532096815288,2.1075375080108643,1.544529676437378
11280,47.506925175232375,-122.21706699142696,3.470986040918705,24.00116729736328,0.2316363096512726,19.253551383016926,0.0,20.03989274191596,-0.0014274268660227,0.0020543924864611,3.887934923171997,0.7034004926681519
11310,47.50695642693519,-122.21709845529767,3.511316677921248,24.001585006713867,0.2356288217335303,19.272860031492307,0.0,20.04130353665481,-0.0034610837634886,0.0020323064601472,5.389632701873778,-0.1540899723768234
11340,47.50699007784927,-122.21717647659604,3.821625935906966,24.001840591430664,0.2225357513000325,19.4081216249929,0.0,20.043952599467914,-0.0054277840364777,0.0025481278535092,5.467514991760256,-1.089636325836182
11370,47.50703770486076,-122.21728660666606,4.089134313170463,24.002195358276367,0.1146161353207213,20.524919082209514,0.0,20.050803180335897,-0.0026937083705504,0.0016866942126255,5.545855045318604,-2.030685663223267
11400,47.50705720209456,-122.21730416104892,4.064710136399938,24.0026912689209,0.0237046243930888,21.503766390104115,0.0,20.04573538708932,0.0078264681659128,-0.0021199182100469,5.624195575714111,-2.9717352390289307
11430,47.50698380400016,-122.21706851814746,4.048603009115452,24.00313949584961,0.0311970465658206,21.45438600771893,0.0,20.031778881020333,0.0070717328161928,-0.0025588114570785,5.702077388763428,-3.907281160354615
11460,47.50693676821008,-122.21695820328736,4.038561045557424,24.002944946289062,0.0426117273324886,21.391210413837147,0.0,20.01914158881736,0.0058141623866197,-0.00226285306419,4.291658878326416,-4.443284034729005
11490,47.506902013576266,-122.2168738762852,4.022195570988388,24.001937866210938,0.0485352963750914,21.37680030417032,0.0,20.009908846601014,0.0038699535279456,-0.0016585296611547,2.5897347927093506,-4.899977684020997
11520,47.50688041464928,-122.21682881914832,3.94718438162558,24.001148223876957,0.0516657642292041,21.37949163185092,0.0,20.00300181966835,0.0013610279443006,-0.0004558516172176,0.795353353023529,-4.512797355651856
11550,47.50688484390276,-122.2168312246051,3.941726766718711,24.000469207763672,0.0545279882913492,21.257760525421823,0.0,19.997378036367728,8.146575268040126e-05,0.0008784769211955,-1.0181130170822146,-4.053276538848877
11580,47.50651222610004,-122.21684810834194,3.987590173896148,24.00020980834961,0.0518734212178153,21.50927334871531,0.0,19.993677719763102,0.0002626853204768,0.0011938018512866,-0.8629576563835143,-3.663427591323853
11610,47.50653527604685,-122.21684191805758,4.037989757781572,23.99999618530273,0.0532311619145592,21.663105526208454,0.0,19.990268811988308,3.267226026379411e-05,0.0011076215240185,-0.7087095379829407,-3.2758584022521973
11640,47.50655287460231,-122.21684367365052,4.089724929442933,23.999610900878903,0.0556513344468984,21.822943642287274,0.0,19.98734905563636,-0.0002607010988885,0.0009490275715152,-0.5535541176795961,-2.886009454727173
11670,47.50656710578898,-122.2168509524024,4.051932180735261,23.999555587768555,0.0581225007914321,21.984692050822314,0.0,19.9862997284867,-0.0003291061738654,0.0008233823266531,-0.4009526968002319,-2.590399265289306
11700,47.50657957237531,-122.21685712155607,4.085472940122727,23.999290466308597,0.0539670309129112,21.906894166060567,0.0,19.985103524553207,-0.0004178304433284,0.0007836726329384,-0.2622109949588775,-2.7749946117401127
11730,47.50659223648893,-122.21686497263948,4.117628638825548,23.99941062927246,0.0548884520494492,22.021202609866013,0.0,19.985752475479195,-0.0004947455651622,0.0007440135872314,-0.1226531490683555,-2.960676431655884
11760,47.50660424012492,-122.21687398755012,4.150810020522242,23.99909019470215,0.0561253996974952,22.13244503507278,0.0,19.986172982070865,-0.0005243134187047,0.0007730705341082,-0.3357234299182892,-2.997329711914062
11790,47.506617415203294,-122.21688302178562,4.184034992088856,23.99908828735352,0.0571227393991949,22.24538374551983,0.0,19.98695817077522,-0.0005699746694962,0.0007306777845521,-0.6581107378005981,-2.9870421886444087
11820,47.50662916923888,-122.21689297797596,4.216076706628479,23.99858856201172,0.0587721830653587,22.35838383151152,0.0,19.98696212655823,-0.0005962834095843,0.0006917481148234,-0.8044347167015077,-2.480545282363892
11850,47.50664030907743,-122.21690317912018,4.249784304313931,23.9984188079834,0.0604875779956657,22.4671330945257,0.0,19.987940368558306,-0.0005539838236094,0.0006227892649353,-0.9159134030342102,-1.876900553703308
11880,47.506649999310014,-122.21691198918803,4.280853563281751,23.997989654541016,0.0618209363696391,22.583834994772275,0.0,19.98834338541262,-0.0005370663133748,0.0005512572046529,-1.026740312576294,-1.2767858505249023
11910,47.50665847160949,-122.21692077111815,4.309968611493716,23.997879028320312,0.0624979813062614,22.69483871963749,0.0,19.98972199365261,-0.0004753888809826,0.0004673557721073,-1.1382189989089964,-0.6731411218643188
11940,47.50666542185803,-122.21692807749189,4.335335304972584,23.99768447875977,0.0625348093758785,22.80495682355886,0.1305261922195799,19.99081802665325,-0.0004318073615899,0.0004503875618708,-1.0376683473587036,-1.1109300851821902
11970,47.50667275863529,-122.21693483846605,4.360249489624668,23.99770164489746,0.0622179801359173,22.904580649678397,0.2588190451029782,19.9925279082534,-0.0003976168759354,0.000468348266393,-0.9385836124420168,-1.4959346055984497
12000,47.506680744046776,-122.2169411235091,4.381779217879404,23.997386932373047,0.0617117473917275,23.005185678988862,0.3826834323650849,19.99398430967926,-0.0003753513926516,0.0004708503437961,-0.8495790958404541,-1.2730809450149536
12030,47.50668861657328,-122.21694715671082,4.382082711077716,23.997283935546875,0.0612241115008745,23.09565789781801,0.4999999999995869,19.996085054080016,-0.000323711938127,0.0004701459184811,-0.734067976474762,-0.9792980551719668
12060,47.50669644529433,-122.21695203551523,4.352355717925411,23.996931076049805,0.0626554732991641,23.12495120403421,0.6087614290090954,19.998140086892203,-0.0002631592960304,0.0004448394757053,-0.4846512675285339,-0.327105849981308
12090,47.506703606221166,-122.21695581597707,4.325570468784109,23.9968204498291,0.0699730547440762,23.052460283037576,0.7071067811865479,19.999810923814888,-0.0001891023082174,0.0004133186425195,-0.2337673306465148,0.3289227485656737
12120,47.50671017965688,-122.21695822711236,4.290876318733768,23.996490478515625,0.0779258940196911,22.98684876597744,0.793353340290944,20.00160929991397,-0.0001472830240895,0.0002800945987693,0.0171165559440851,0.9849514365196228
12150,47.50671351565976,-122.21696026363657,4.243331045713081,23.996273040771484,0.0835180409841477,22.90574636018871,0.8660254037846741,20.00355176963554,-0.0002137066590161,-4.206102152832036e-05,0.2665333151817322,1.6371434926986694
12180,47.50670959308653,-122.21696448965056,4.188617858668136,23.995962142944336,0.0866212388459568,22.79852625704209,0.9238795325112864,20.00558427822916,-0.0004715433262965,-0.0005350804286819,0.7542333006858826,1.859660029411316
12210,47.50669574488531,-122.21697492707268,4.126511825143568,23.99584007263184,0.0891637062019721,22.669197674745185,0.965925826288944,20.00769057848046,-0.0010234017264892,-0.0010162228100336,1.2883028984069822,1.997292637825012
12240,47.50667399641466,-122.21699750235211,4.069011999061784,23.995758056640625,0.0935514093503377,22.507380504872,0.9914448613738728,20.00974808258458,-0.0017611014792729,-0.0013477919062454,1.803905367851257,1.352772235870361
12270,47.50664821752526,-122.21703423104098,4.267173174412116,23.99579620361328,0.1037236866653879,22.32808275228231,1.0,20.011809351629086,-0.0026133769319083,-0.0012922853222365,2.321262836456299,0.6393823623657227
12300,47.5066272345024,-122.2170863100777,4.26274709793572,23.995798110961918,0.1523857207323475,22.786804513929344,0.9914448613738732,20.01416962852863,-0.0032102449809851,-0.000883611868615,2.16177487373352,-0.2393558174371719
12330,47.50661659437245,-122.2171457828412,4.292037888001584,23.995792388916016,0.1798721725970012,22.70122978053719,0.9659258262889452,20.016447495796104,-0.0036056811502345,-6.041186338685547e-05,2.0032196044921875,-1.112955093383789
12360,47.50662381950812,-122.21720983188872,4.370219513170867,23.99587821960449,0.2159163829855594,22.69337774326762,0.923879532511288,20.018932663758573,-0.0037228776041949,0.0011252462857947,1.8437317609786987,-1.991693258285523
12390,47.50665443019437,-122.21727305181334,4.110511880944061,23.995939254760746,0.2609908907062463,22.80643982706573,0.8660254037846763,20.021833772883568,-0.003537256868647,0.0027371166153646,1.7310844659805298,-2.721531867980957
12420,47.50671616750793,-122.21733014988712,4.312153529942953,23.99580764770508,0.2507085201068951,22.05615609901,0.7933533402909466,20.025663551512995,-0.0033672686284921,0.004683193594151,1.8569196462631223,-2.691096067428588
12450,47.50681368150428,-122.21738457114854,4.62548427072597,23.99565887451172,0.2960362474756,22.496496279733805,0.707106781186551,20.03159760349566,-0.0028149466765829,0.0067460704767146,1.9834949970245364,-2.660481691360474
12480,47.50694674478106,-122.21742596370696,5.003756555930759,23.995424270629883,0.3332096219533143,23.249690407884152,0.6087614290090988,20.038856901640838,-0.0019393454428718,0.0085504009254054,2.290204763412475,-2.39380407333374
12510,47.50710729476764,-122.21744953011869,5.287819659890503,23.99518394470215,0.3405852809268623,24.23289645649979,0.4999999999995906,20.047165203164788,-0.0005646384182877,0.0094415258950606,2.651600122451782,-2.0546703338623047
12540,47.507273564782246,-122.21744519368872,5.282045486109517,23.994962692260746,0.2937609694578322,25.078371047183904,0.382683432365089,20.056857502822588,0.0008289460051332,0.0095133357696744,2.974053621292114,-1.7177786827087405
12570,47.50743283847715,-122.21741744207776,4.834406162981891,23.994741439819336,0.2216060527610017,25.18008680540382,0.2588190451029825,20.067356577599096,0.0017193870357814,0.0093264240285015,3.2884666919708248,-1.3817169666290283
12600,47.507586409760215,-122.21737988121684,4.088666621384841,23.99451065063477,0.1488652247343119,24.05742160852932,0.1305261922195843,20.078123044425737,0.0021827889426362,0.0086329089153194,3.6010406017303467,-1.0476205348968506
12630,47.507723356424336,-122.21733886738208,3.266155743585493,23.99431037902832,0.0918317619475742,21.93716937071096,4.892397390223529e-16,20.088877696680512,0.0021780719149133,0.0069766406093517,3.9154534339904794,-0.7115586996078492
12660,47.507823071084765,-122.21730261335377,2.847802967929886,23.99378204345703,0.0452856095009139,19.486081140735752,0.0,20.09610555100188,0.0005281583049083,0.0024092682350469,4.726465702056884,0.7032001018524169
12690,47.50781755183161,-122.21731030985146,2.8707416393782546,23.993202209472656,0.0107428334755699,18.34077789289462,0.0,20.09410003975896,0.0020438841708043,-0.002491498194992,5.444367408752442,1.976884126663208
12720,47.50772701919739,-122.2172610878566,2.9269952582839887,23.99323081970215,0.00668667154036,18.483869099482312,0.0,20.08524796977468,0.0054808240381131,-0.0020620081305874,5.092996597290039,1.6447917222976685
12750,47.507696947295855,-122.21713537139064,2.987643448632784,23.993141174316406,0.0081430006180425,18.662777288808982,0.0,20.07445859521645,0.0079740763678721,-0.0012269084564736,4.724005699157715,1.260256290435791
12780,47.507684849818325,-122.21697753759454,3.0278215347855992,23.99330139160156,0.0115914444971385,18.852316339362478,0.0,20.064453307224426,0.008383516664812,-0.0007534570114222,4.267707824707032,0.6117037534713745
12810,47.50767702671592,-122.21683371791384,3.066202314784793,23.993120193481445,0.0135242065477083,18.98335246723698,0.0,20.05579316329625,0.008313326053164,-0.0006000649007493,3.808725833892823,-0.0406639538705349
12840,47.50766855955535,-122.21669586438573,3.104372538463027,23.99321746826172,0.0172900672428833,19.10314592536432,0.0,20.04823843639671,0.0070963621106741,-0.00049226259413,3.349743843078613,-0.6930316090583801
12870,47.50766143320185,-122.2165897613233,3.1421578754197155,23.992965698242188,0.0198617693678864,19.2244317011418,0.0,20.04132646733715,0.0062190179036871,-0.0005928597244026,2.8934462070465083,-1.3415842056274414
12900,47.50765054623513,-122.21649488446698,3.188870156527046,23.992908477783203,0.0246481127441418,19.34152967491624,0.0,20.03469226800464,0.0049144133987131,-0.0004613738066296,2.6059005260467525,-1.600566387176514
12930,47.50764417153087,-122.21642602362206,3.2411483335176383,23.992542266845703,0.0286059472385098,19.48494058580457,0.0,20.02848523136467,0.0038551869512139,-0.0001912045744316,2.3519227504730225,-1.7825219631195068
